timestamp,node_id,temperature,vibration,power_draw,humidity,airflow,fan_speed,node_status
2025-04-08T23:58:03.232199,1,35.27,0.924,67.38,40.52,0.77,3170.6,critical
2025-04-08T23:58:03.232199,2,61.29,0.851,49.09,58.3,0.49,2961.4,critical
2025-04-08T23:58:03.232199,3,51.75,0.29,53.09,80.76,0.93,2625.7,operational
2025-04-08T23:58:03.232199,4,26.23,0.319,30.47,68.16,1.82,3102.0,critical
2025-04-08T23:58:03.232199,5,32.33,0.529,36.06,73.21,0.26,4094.3,operational
2025-04-08T23:58:03.232199,6,43.0,0.643,72.52,73.78,1.01,4254.1,critical
2025-04-08T23:58:03.232199,7,59.56,0.935,70.24,71.05,0.36,3447.7,maintenance
2025-04-08T23:58:03.232199,8,22.31,0.66,53.3,36.17,1.4,3274.5,maintenance
2025-04-08T23:58:03.232199,9,39.1,0.749,51.19,75.97,0.1,4126.0,operational
2025-04-08T23:58:03.232199,10,51.61,0.4,15.49,67.4,1.06,700.7,critical
2025-04-08T23:58:03.232199,11,52.27,0.828,97.48,30.99,1.93,2725.7,maintenance
2025-04-08T23:58:03.232199,12,61.32,0.649,65.12,79.34,1.69,596.1,maintenance
2025-04-08T23:58:03.232199,13,67.07,0.726,92.15,38.3,1.79,3963.9,maintenance
2025-04-08T23:58:03.232199,14,39.78,0.897,15.17,80.69,0.3,3792.9,maintenance
2025-04-08T23:58:03.232199,15,24.46,0.722,89.08,66.0,1.15,4314.3,operational
2025-04-08T23:58:03.232199,16,21.47,0.91,16.96,33.28,0.33,4652.8,maintenance
2025-04-08T23:58:03.232199,17,29.75,0.845,13.27,80.45,1.35,2719.3,critical
2025-04-08T23:58:03.232199,18,78.47,0.219,45.06,44.72,1.16,2677.2,operational
2025-04-08T23:58:03.232199,19,42.53,0.532,70.56,82.78,0.39,4494.3,critical
2025-04-08T23:58:03.232199,20,36.36,0.905,53.77,89.96,0.24,634.4,maintenance
2025-04-08T23:59:03.232199,1,69.43,0.068,10.38,67.48,0.91,3966.1,operational
2025-04-08T23:59:03.232199,2,68.23,0.905,30.35,75.12,1.33,3995.2,critical
2025-04-08T23:59:03.232199,3,26.99,0.739,28.31,57.81,1.05,1115.4,operational
2025-04-08T23:59:03.232199,4,24.54,0.249,81.46,87.33,0.81,4428.3,critical
2025-04-08T23:59:03.232199,5,60.22,0.903,40.89,35.87,1.12,2283.4,critical
2025-04-08T23:59:03.232199,6,41.14,0.935,31.08,86.6,1.51,2809.4,maintenance
2025-04-08T23:59:03.232199,7,79.9,0.413,89.23,77.71,0.49,4784.0,maintenance
2025-04-08T23:59:03.232199,8,21.61,0.108,27.03,32.72,1.92,2817.4,maintenance
2025-04-08T23:59:03.232199,9,28.96,0.277,21.86,54.16,0.44,2197.0,critical
2025-04-08T23:59:03.232199,10,56.92,0.606,86.46,65.38,0.16,2441.9,critical
2025-04-08T23:59:03.232199,11,68.28,0.04,46.34,52.26,1.6,2689.9,maintenance
2025-04-08T23:59:03.232199,12,37.98,0.8,32.12,70.08,1.4,4998.2,critical
2025-04-08T23:59:03.232199,13,28.32,0.92,68.25,55.98,0.23,2621.7,critical
2025-04-08T23:59:03.232199,14,26.45,0.306,72.63,68.09,0.51,1728.5,maintenance
2025-04-08T23:59:03.232199,15,24.93,0.023,29.64,65.69,1.34,3823.9,maintenance
2025-04-08T23:59:03.232199,16,36.91,0.191,36.82,36.47,0.52,1882.6,maintenance
2025-04-08T23:59:03.232199,17,45.14,0.694,29.41,61.85,0.58,2530.1,maintenance
2025-04-08T23:59:03.232199,18,50.25,0.696,33.48,39.17,1.61,805.3,maintenance
2025-04-08T23:59:03.232199,19,24.65,0.043,41.01,51.13,0.37,1589.4,maintenance
2025-04-08T23:59:03.232199,20,24.12,0.474,55.14,41.4,0.94,4189.5,maintenance
2025-04-09T00:00:03.232199,1,25.12,0.303,23.19,69.63,1.87,1422.9,operational
2025-04-09T00:00:03.232199,2,35.09,0.639,24.18,43.9,1.03,3518.8,critical
2025-04-09T00:00:03.232199,3,49.76,0.896,34.51,41.06,1.72,3354.8,critical
2025-04-09T00:00:03.232199,4,21.63,0.751,88.69,57.93,0.48,1917.4,critical
2025-04-09T00:00:03.232199,5,22.16,0.807,20.63,52.34,0.49,1101.9,operational
2025-04-09T00:00:03.232199,6,64.51,0.487,82.62,42.21,1.66,1052.6,operational
2025-04-09T00:00:03.232199,7,54.96,0.552,86.67,50.28,1.56,3615.6,operational
2025-04-09T00:00:03.232199,8,37.66,0.836,20.13,42.85,1.05,3738.6,critical
2025-04-09T00:00:03.232199,9,71.45,0.485,79.19,81.89,1.48,2324.1,operational
2025-04-09T00:00:03.232199,10,35.22,0.9,43.79,63.94,0.97,4231.1,critical
2025-04-09T00:00:03.232199,11,79.06,0.809,21.14,32.13,1.35,4563.7,critical
2025-04-09T00:00:03.232199,12,57.22,0.678,53.07,41.44,1.7,691.4,operational
2025-04-09T00:00:03.232199,13,54.99,0.335,54.08,83.64,1.69,1553.9,operational
2025-04-09T00:00:03.232199,14,24.47,0.634,50.45,52.08,1.77,2130.6,maintenance
2025-04-09T00:00:03.232199,15,40.77,0.129,50.78,59.74,1.85,2831.5,maintenance
2025-04-09T00:00:03.232199,16,30.43,0.455,68.34,81.45,0.55,2606.2,operational
2025-04-09T00:00:03.232199,17,43.11,0.67,97.53,56.34,0.51,1684.1,critical
2025-04-09T00:00:03.232199,18,57.22,0.379,99.8,36.62,1.09,670.1,maintenance
2025-04-09T00:00:03.232199,19,46.24,0.795,35.54,77.11,0.5,2509.4,maintenance
2025-04-09T00:00:03.232199,20,72.11,0.472,53.35,72.15,1.78,567.9,maintenance
2025-04-09T00:01:03.232199,1,56.55,0.745,69.81,88.64,1.2,2500.0,maintenance
2025-04-09T00:01:03.232199,2,77.01,0.107,75.43,30.5,1.66,3419.2,critical
2025-04-09T00:01:03.232199,3,42.34,0.008,31.04,72.85,1.29,1224.9,critical
2025-04-09T00:01:03.232199,4,74.32,0.755,57.46,84.97,1.43,1975.1,critical
2025-04-09T00:01:03.232199,5,30.32,0.475,17.88,67.31,0.76,3192.8,maintenance
2025-04-09T00:01:03.232199,6,32.32,0.886,95.73,46.97,0.72,2686.2,operational
2025-04-09T00:01:03.232199,7,37.13,0.249,31.96,63.44,1.27,3044.8,operational
2025-04-09T00:01:03.232199,8,65.37,0.317,25.17,81.74,0.66,2097.9,critical
2025-04-09T00:01:03.232199,9,75.12,0.052,27.03,82.1,0.67,2439.4,maintenance
2025-04-09T00:01:03.232199,10,71.73,0.402,17.07,78.11,1.93,661.2,operational
2025-04-09T00:01:03.232199,11,53.95,0.086,84.52,31.85,0.4,3700.6,operational
2025-04-09T00:01:03.232199,12,29.62,0.505,39.92,34.82,0.91,3556.1,critical
2025-04-09T00:01:03.232199,13,38.8,0.152,99.98,73.2,1.37,1815.3,critical
2025-04-09T00:01:03.232199,14,62.82,0.425,18.24,86.78,1.35,1217.9,maintenance
2025-04-09T00:01:03.232199,15,33.04,0.208,79.05,51.97,0.7,1309.2,maintenance
2025-04-09T00:01:03.232199,16,26.98,0.779,80.59,68.31,1.94,2276.7,operational
2025-04-09T00:01:03.232199,17,52.37,0.421,51.93,77.42,1.97,609.3,maintenance
2025-04-09T00:01:03.232199,18,78.7,0.395,92.43,53.52,1.26,3206.2,maintenance
2025-04-09T00:01:03.232199,19,45.09,0.559,64.88,60.73,0.24,748.5,critical
2025-04-09T00:01:03.232199,20,20.89,0.587,52.8,71.94,1.92,3747.4,critical
2025-04-09T00:02:03.232199,1,49.2,0.34,64.37,36.35,0.34,1482.6,operational
2025-04-09T00:02:03.232199,2,35.3,0.116,32.61,88.03,1.81,3911.8,maintenance
2025-04-09T00:02:03.232199,3,77.68,0.645,26.96,57.28,0.34,4369.6,maintenance
2025-04-09T00:02:03.232199,4,32.02,0.406,73.67,40.71,1.79,2054.9,critical
2025-04-09T00:02:03.232199,5,58.51,0.974,84.06,52.55,0.97,2697.9,maintenance
2025-04-09T00:02:03.232199,6,69.4,0.388,77.43,61.72,0.61,3725.2,maintenance
2025-04-09T00:02:03.232199,7,27.17,0.694,92.21,36.9,0.16,3673.3,critical
2025-04-09T00:02:03.232199,8,34.92,0.495,42.85,42.39,1.11,1457.6,operational
2025-04-09T00:02:03.232199,9,32.45,0.293,45.8,32.56,0.63,4173.2,critical
2025-04-09T00:02:03.232199,10,27.27,0.97,56.12,58.11,1.08,2393.4,maintenance
2025-04-09T00:02:03.232199,11,68.21,0.727,36.69,60.99,1.72,2464.4,maintenance
2025-04-09T00:02:03.232199,12,33.84,0.595,88.64,80.96,0.19,3337.7,critical
2025-04-09T00:02:03.232199,13,26.1,0.903,45.23,89.97,1.34,669.2,maintenance
2025-04-09T00:02:03.232199,14,75.54,0.169,31.29,48.28,0.87,4003.3,critical
2025-04-09T00:02:03.232199,15,28.01,0.78,55.92,76.12,0.58,3501.6,critical
2025-04-09T00:02:03.232199,16,24.41,0.102,13.3,58.59,1.29,1020.6,critical
2025-04-09T00:02:03.232199,17,49.77,0.33,94.14,30.1,1.94,3041.9,operational
2025-04-09T00:02:03.232199,18,28.22,0.779,51.05,64.77,1.15,1859.4,critical
2025-04-09T00:02:03.232199,19,34.34,0.031,21.86,87.09,1.6,4632.1,maintenance
2025-04-09T00:02:03.232199,20,24.79,0.157,34.58,37.69,1.98,2964.8,critical
2025-04-09T00:03:03.232199,1,55.65,0.664,36.2,80.97,1.86,1084.2,operational
2025-04-09T00:03:03.232199,2,69.23,0.796,45.41,74.12,1.81,3069.9,critical
2025-04-09T00:03:03.232199,3,69.23,0.114,59.25,80.09,0.68,1027.2,critical
2025-04-09T00:03:03.232199,4,37.19,0.062,62.59,55.79,1.46,585.2,operational
2025-04-09T00:03:03.232199,5,58.42,0.47,54.52,40.29,0.71,3041.1,critical
2025-04-09T00:03:03.232199,6,48.07,0.195,52.01,58.94,0.77,3426.9,maintenance
2025-04-09T00:03:03.232199,7,59.69,0.293,81.16,88.83,0.6,632.8,maintenance
2025-04-09T00:03:03.232199,8,54.8,0.288,98.92,65.48,0.52,2226.0,operational
2025-04-09T00:03:03.232199,9,26.63,0.81,28.55,39.08,0.13,1322.8,maintenance
2025-04-09T00:03:03.232199,10,30.28,0.732,57.59,83.7,1.14,1902.8,critical
2025-04-09T00:03:03.232199,11,45.69,0.791,25.39,89.77,0.98,834.6,operational
2025-04-09T00:03:03.232199,12,36.87,0.1,95.98,65.06,1.56,2321.3,critical
2025-04-09T00:03:03.232199,13,73.25,0.596,52.7,47.53,0.38,1354.4,operational
2025-04-09T00:03:03.232199,14,54.52,0.911,30.7,58.18,0.58,4500.0,critical
2025-04-09T00:03:03.232199,15,66.97,0.997,55.28,33.74,1.47,2930.7,maintenance
2025-04-09T00:03:03.232199,16,74.19,0.89,53.02,65.54,1.74,2022.8,operational
2025-04-09T00:03:03.232199,17,33.89,0.133,60.31,84.38,0.15,4253.6,maintenance
2025-04-09T00:03:03.232199,18,31.21,0.046,24.45,80.56,1.31,3858.5,operational
2025-04-09T00:03:03.232199,19,70.38,0.79,20.82,36.69,0.1,3061.8,critical
2025-04-09T00:03:03.232199,20,22.21,0.398,91.36,42.22,0.28,602.2,maintenance
2025-04-09T00:04:03.232199,1,39.22,0.88,14.86,63.21,1.81,1972.0,operational
2025-04-09T00:04:03.232199,2,60.9,0.968,93.87,76.37,0.21,4015.9,operational
2025-04-09T00:04:03.232199,3,72.18,0.958,67.47,73.61,0.77,4862.8,critical
2025-04-09T00:04:03.232199,4,45.87,0.401,73.22,67.68,0.5,3934.6,critical
2025-04-09T00:04:03.232199,5,79.97,0.529,67.9,71.1,0.11,2373.6,maintenance
2025-04-09T00:04:03.232199,6,57.92,0.071,61.25,60.8,0.58,2773.6,operational
2025-04-09T00:04:03.232199,7,30.22,0.782,21.45,40.54,1.09,1846.1,maintenance
2025-04-09T00:04:03.232199,8,29.36,0.844,53.03,70.49,1.58,1774.3,maintenance
2025-04-09T00:04:03.232199,9,24.03,0.176,22.11,44.77,0.96,2963.1,critical
2025-04-09T00:04:03.232199,10,51.98,0.633,62.93,69.78,1.1,1477.9,maintenance
2025-04-09T00:04:03.232199,11,25.82,0.453,39.12,75.34,1.97,2764.6,critical
2025-04-09T00:04:03.232199,12,68.94,0.124,25.78,38.48,0.48,4817.6,critical
2025-04-09T00:04:03.232199,13,36.29,0.415,32.84,57.99,0.48,4040.1,maintenance
2025-04-09T00:04:03.232199,14,78.46,0.408,19.8,32.21,1.37,2305.9,maintenance
2025-04-09T00:04:03.232199,15,31.85,0.434,90.26,74.38,1.81,3315.3,maintenance
2025-04-09T00:04:03.232199,16,78.1,0.693,68.05,55.05,1.96,711.8,maintenance
2025-04-09T00:04:03.232199,17,30.92,0.845,62.97,59.87,0.18,2478.7,maintenance
2025-04-09T00:04:03.232199,18,40.12,0.046,43.58,85.32,1.34,1496.0,operational
2025-04-09T00:04:03.232199,19,62.6,0.535,28.39,52.41,0.42,4435.1,critical
2025-04-09T00:04:03.232199,20,26.01,0.973,21.46,66.42,1.41,3111.1,maintenance
2025-04-09T00:05:03.232199,1,58.46,0.016,95.24,61.46,0.25,4444.1,operational
2025-04-09T00:05:03.232199,2,26.33,0.968,31.74,31.12,0.39,1516.1,critical
2025-04-09T00:05:03.232199,3,74.76,0.374,94.7,78.39,0.11,1979.6,critical
2025-04-09T00:05:03.232199,4,54.73,0.668,70.08,43.37,0.51,3441.1,critical
2025-04-09T00:05:03.232199,5,65.55,0.929,71.87,49.92,0.43,3528.0,maintenance
2025-04-09T00:05:03.232199,6,21.95,0.559,71.57,58.94,0.44,1069.6,maintenance
2025-04-09T00:05:03.232199,7,63.25,0.6,27.35,80.08,1.87,2659.6,maintenance
2025-04-09T00:05:03.232199,8,26.8,0.228,65.08,46.15,1.45,1519.2,critical
2025-04-09T00:05:03.232199,9,39.77,0.55,91.38,46.88,0.94,1031.8,maintenance
2025-04-09T00:05:03.232199,10,46.2,0.56,81.24,60.33,1.94,3317.5,maintenance
2025-04-09T00:05:03.232199,11,63.76,0.823,87.02,74.66,1.22,2046.7,critical
2025-04-09T00:05:03.232199,12,76.42,0.663,42.17,74.8,1.27,4445.8,operational
2025-04-09T00:05:03.232199,13,31.17,0.9,23.85,69.05,1.21,2477.1,critical
2025-04-09T00:05:03.232199,14,46.58,0.821,95.45,87.06,1.78,2995.6,critical
2025-04-09T00:05:03.232199,15,54.86,0.226,56.57,40.18,1.66,1784.9,maintenance
2025-04-09T00:05:03.232199,16,41.94,0.714,35.08,36.52,1.18,2878.2,operational
2025-04-09T00:05:03.232199,17,20.14,0.013,82.92,62.81,0.99,540.7,critical
2025-04-09T00:05:03.232199,18,57.7,0.883,89.27,80.39,1.3,3133.0,maintenance
2025-04-09T00:05:03.232199,19,63.09,0.102,72.73,77.35,0.79,3245.3,critical
2025-04-09T00:05:03.232199,20,30.81,0.61,38.89,40.52,1.4,3560.6,operational
2025-04-09T00:06:03.232199,1,28.94,0.881,25.23,67.64,1.72,1658.0,critical
2025-04-09T00:06:03.232199,2,34.22,0.804,85.44,46.94,0.74,4101.8,critical
2025-04-09T00:06:03.232199,3,21.23,0.345,59.99,55.58,0.55,3484.9,maintenance
2025-04-09T00:06:03.232199,4,65.05,0.72,39.58,62.0,0.99,3565.3,maintenance
2025-04-09T00:06:03.232199,5,25.87,0.687,75.19,63.27,0.86,1102.5,critical
2025-04-09T00:06:03.232199,6,65.67,0.294,11.96,61.03,0.29,3014.6,maintenance
2025-04-09T00:06:03.232199,7,60.65,0.65,64.11,51.42,1.25,2225.0,maintenance
2025-04-09T00:06:03.232199,8,65.1,0.905,91.48,60.46,1.56,2635.5,critical
2025-04-09T00:06:03.232199,9,28.18,0.359,22.34,71.21,0.74,1012.3,maintenance
2025-04-09T00:06:03.232199,10,51.45,0.533,15.26,50.75,1.46,2155.3,operational
2025-04-09T00:06:03.232199,11,37.82,0.352,69.43,39.91,0.47,1862.8,operational
2025-04-09T00:06:03.232199,12,36.42,0.701,81.09,34.77,0.38,507.1,maintenance
2025-04-09T00:06:03.232199,13,46.97,0.103,97.13,86.94,1.05,3663.7,critical
2025-04-09T00:06:03.232199,14,58.33,0.553,60.2,60.84,1.05,2324.2,critical
2025-04-09T00:06:03.232199,15,50.46,0.248,38.91,61.68,0.37,2840.9,maintenance
2025-04-09T00:06:03.232199,16,44.78,0.587,66.57,42.58,0.77,2345.8,critical
2025-04-09T00:06:03.232199,17,28.29,0.201,17.62,34.02,1.89,4651.4,operational
2025-04-09T00:06:03.232199,18,61.39,0.522,95.24,72.17,1.76,1754.8,operational
2025-04-09T00:06:03.232199,19,41.11,0.621,64.49,67.19,0.54,1431.6,critical
2025-04-09T00:06:03.232199,20,70.9,0.903,98.83,86.44,1.45,1236.4,critical
2025-04-09T00:07:03.232199,1,74.17,0.586,98.41,72.67,0.32,4531.6,critical
2025-04-09T00:07:03.232199,2,37.81,0.631,79.53,83.15,1.05,961.1,operational
2025-04-09T00:07:03.232199,3,26.06,0.43,59.0,70.63,1.07,1242.6,critical
2025-04-09T00:07:03.232199,4,68.97,0.445,30.71,77.86,1.38,3229.5,critical
2025-04-09T00:07:03.232199,5,69.86,0.162,84.42,44.26,1.16,4657.8,maintenance
2025-04-09T00:07:03.232199,6,30.02,0.829,27.78,87.12,1.53,2485.3,maintenance
2025-04-09T00:07:03.232199,7,53.55,0.021,86.01,36.23,0.49,1388.4,operational
2025-04-09T00:07:03.232199,8,33.41,0.695,50.43,48.56,1.27,4463.4,operational
2025-04-09T00:07:03.232199,9,30.1,0.298,98.16,30.98,0.28,3533.6,critical
2025-04-09T00:07:03.232199,10,51.04,0.631,44.57,75.15,1.96,4229.1,critical
2025-04-09T00:07:03.232199,11,22.6,0.291,77.81,39.33,0.12,4922.5,operational
2025-04-09T00:07:03.232199,12,66.1,0.536,81.49,48.83,1.81,2529.7,critical
2025-04-09T00:07:03.232199,13,59.53,0.172,96.0,84.26,0.48,917.2,operational
2025-04-09T00:07:03.232199,14,42.52,0.14,40.27,62.37,1.72,4046.9,critical
2025-04-09T00:07:03.232199,15,53.25,0.895,89.94,50.5,1.49,704.1,critical
2025-04-09T00:07:03.232199,16,33.89,0.08,61.95,46.22,1.99,938.8,critical
2025-04-09T00:07:03.232199,17,77.24,0.119,83.13,43.99,0.55,4866.0,operational
2025-04-09T00:07:03.232199,18,74.33,0.218,50.4,76.25,0.14,3674.8,operational
2025-04-09T00:07:03.232199,19,28.12,0.189,89.89,66.45,1.51,3010.2,operational
2025-04-09T00:07:03.232199,20,50.48,0.273,49.25,64.99,1.92,4347.8,operational
2025-04-09T00:08:03.232199,1,26.74,0.73,70.53,33.66,0.53,3135.8,maintenance
2025-04-09T00:08:03.232199,2,48.2,0.51,29.11,45.62,1.0,1798.5,maintenance
2025-04-09T00:08:03.232199,3,52.29,0.25,15.37,87.76,0.38,766.1,critical
2025-04-09T00:08:03.232199,4,57.31,0.653,46.4,33.52,1.02,3027.4,operational
2025-04-09T00:08:03.232199,5,31.7,0.369,73.08,68.19,0.75,4831.5,maintenance
2025-04-09T00:08:03.232199,6,43.5,0.429,40.77,50.86,1.56,787.0,critical
2025-04-09T00:08:03.232199,7,71.44,0.357,78.96,72.98,0.54,4788.9,maintenance
2025-04-09T00:08:03.232199,8,44.97,0.458,60.57,82.95,1.7,4033.4,maintenance
2025-04-09T00:08:03.232199,9,49.71,0.65,63.04,57.5,1.09,4880.9,maintenance
2025-04-09T00:08:03.232199,10,48.76,0.502,75.6,61.47,1.63,3312.8,operational
2025-04-09T00:08:03.232199,11,25.68,0.402,84.92,56.7,1.74,1870.8,maintenance
2025-04-09T00:08:03.232199,12,20.88,0.544,26.7,36.37,0.3,4250.9,operational
2025-04-09T00:08:03.232199,13,40.66,0.587,12.19,65.5,1.9,2409.2,operational
2025-04-09T00:08:03.232199,14,29.34,0.888,49.07,41.55,0.66,735.7,maintenance
2025-04-09T00:08:03.232199,15,72.76,0.358,56.45,30.92,1.08,3981.0,critical
2025-04-09T00:08:03.232199,16,42.58,0.964,31.44,82.99,1.68,1457.0,critical
2025-04-09T00:08:03.232199,17,45.37,0.465,46.07,70.24,1.1,3223.3,critical
2025-04-09T00:08:03.232199,18,56.33,0.149,71.24,45.01,1.65,4583.8,maintenance
2025-04-09T00:08:03.232199,19,72.49,0.932,72.86,54.32,0.7,3783.0,critical
2025-04-09T00:08:03.232199,20,63.02,0.237,56.21,37.76,0.91,3681.8,critical
2025-04-09T00:09:03.232199,1,67.29,0.597,75.59,58.42,1.63,990.8,critical
2025-04-09T00:09:03.232199,2,69.11,0.641,98.09,76.33,1.12,1263.9,critical
2025-04-09T00:09:03.232199,3,75.45,0.907,38.38,76.54,1.71,4620.8,operational
2025-04-09T00:09:03.232199,4,34.98,0.305,25.02,84.11,1.78,3872.9,maintenance
2025-04-09T00:09:03.232199,5,32.26,0.175,52.94,81.06,1.59,1760.8,maintenance
2025-04-09T00:09:03.232199,6,24.23,0.866,47.78,58.42,1.36,3527.0,maintenance
2025-04-09T00:09:03.232199,7,69.05,0.481,29.78,62.71,0.64,1983.9,operational
2025-04-09T00:09:03.232199,8,57.13,0.817,81.37,49.55,1.73,4700.4,maintenance
2025-04-09T00:09:03.232199,9,73.74,0.367,98.93,73.71,0.68,3297.6,critical
2025-04-09T00:09:03.232199,10,29.09,0.626,73.32,34.52,1.58,3366.5,critical
2025-04-09T00:09:03.232199,11,24.35,0.444,91.2,68.65,1.66,3783.3,maintenance
2025-04-09T00:09:03.232199,12,42.96,0.797,96.17,58.75,1.09,2037.4,maintenance
2025-04-09T00:09:03.232199,13,41.68,0.163,14.76,69.49,0.71,3330.2,maintenance
2025-04-09T00:09:03.232199,14,64.33,0.36,14.22,86.94,1.23,3562.8,critical
2025-04-09T00:09:03.232199,15,69.69,0.559,47.99,37.21,1.48,1879.9,critical
2025-04-09T00:09:03.232199,16,53.74,0.978,48.65,81.7,1.38,2371.5,operational
2025-04-09T00:09:03.232199,17,25.59,0.057,46.3,49.19,0.3,2994.1,critical
2025-04-09T00:09:03.232199,18,58.78,0.978,46.52,49.42,1.81,4423.4,operational
2025-04-09T00:09:03.232199,19,22.23,0.544,54.57,67.7,1.58,4061.5,critical
2025-04-09T00:09:03.232199,20,39.34,0.809,76.34,75.37,0.11,2900.0,operational
2025-04-09T00:10:03.232199,1,75.85,0.073,40.66,75.99,0.51,4938.1,operational
2025-04-09T00:10:03.232199,2,54.47,0.391,81.09,82.14,0.95,859.7,critical
2025-04-09T00:10:03.232199,3,72.87,0.197,61.95,67.11,0.46,1112.7,critical
2025-04-09T00:10:03.232199,4,68.27,0.656,49.81,83.46,1.02,2604.6,maintenance
2025-04-09T00:10:03.232199,5,25.92,0.036,15.16,64.43,1.82,4128.5,maintenance
2025-04-09T00:10:03.232199,6,30.27,0.316,13.33,41.01,0.57,3205.6,maintenance
2025-04-09T00:10:03.232199,7,70.12,0.681,31.32,39.09,0.85,845.0,maintenance
2025-04-09T00:10:03.232199,8,39.3,0.501,48.7,59.19,0.12,526.1,maintenance
2025-04-09T00:10:03.232199,9,59.19,0.376,72.37,79.82,1.66,991.5,maintenance
2025-04-09T00:10:03.232199,10,74.71,0.311,30.98,80.22,0.17,4269.7,maintenance
2025-04-09T00:10:03.232199,11,57.58,0.932,30.87,30.62,0.81,2847.1,operational
2025-04-09T00:10:03.232199,12,76.37,0.767,85.72,54.58,1.4,1167.8,critical
2025-04-09T00:10:03.232199,13,55.25,0.432,80.83,84.01,1.54,1711.2,operational
2025-04-09T00:10:03.232199,14,45.38,0.375,26.96,86.73,1.38,4728.7,maintenance
2025-04-09T00:10:03.232199,15,37.76,0.745,14.77,45.52,0.46,4469.8,operational
2025-04-09T00:10:03.232199,16,70.5,0.366,50.29,76.88,0.62,1549.0,operational
2025-04-09T00:10:03.232199,17,40.07,0.424,85.87,36.51,1.74,1551.0,operational
2025-04-09T00:10:03.232199,18,67.56,0.519,63.29,43.31,0.43,4313.3,critical
2025-04-09T00:10:03.232199,19,49.9,0.039,99.5,39.53,1.23,1930.0,maintenance
2025-04-09T00:10:03.232199,20,67.93,0.264,62.28,30.18,0.36,3570.2,critical
2025-04-09T00:11:03.232199,1,76.4,0.241,79.17,82.38,1.44,2992.3,maintenance
2025-04-09T00:11:03.232199,2,71.19,0.601,63.37,54.53,0.78,859.7,critical
2025-04-09T00:11:03.232199,3,51.37,0.044,84.68,44.66,0.87,527.7,operational
2025-04-09T00:11:03.232199,4,23.18,0.049,99.71,61.14,0.6,610.0,critical
2025-04-09T00:11:03.232199,5,54.86,0.496,43.48,62.91,1.52,4374.8,operational
2025-04-09T00:11:03.232199,6,40.87,0.748,38.72,88.94,0.66,908.4,critical
2025-04-09T00:11:03.232199,7,44.38,0.763,46.03,85.71,1.53,1147.3,critical
2025-04-09T00:11:03.232199,8,37.05,0.868,36.7,76.61,0.2,799.0,operational
2025-04-09T00:11:03.232199,9,60.18,0.798,10.66,87.36,1.07,1889.5,critical
2025-04-09T00:11:03.232199,10,23.15,0.236,48.13,35.62,1.14,1318.4,critical
2025-04-09T00:11:03.232199,11,79.59,0.279,59.8,71.8,1.71,2639.7,maintenance
2025-04-09T00:11:03.232199,12,31.1,0.872,50.85,30.71,0.38,4808.3,operational
2025-04-09T00:11:03.232199,13,27.93,0.991,33.03,30.72,1.96,4545.7,maintenance
2025-04-09T00:11:03.232199,14,31.51,0.738,62.04,71.42,1.05,4122.0,operational
2025-04-09T00:11:03.232199,15,76.24,0.543,68.36,54.64,0.2,4250.0,operational
2025-04-09T00:11:03.232199,16,38.3,0.835,19.77,32.42,1.59,1401.2,operational
2025-04-09T00:11:03.232199,17,65.51,0.854,44.53,84.71,1.45,1160.3,critical
2025-04-09T00:11:03.232199,18,32.54,0.676,76.49,86.35,0.29,4105.8,critical
2025-04-09T00:11:03.232199,19,33.32,0.154,96.66,54.58,1.98,1219.5,operational
2025-04-09T00:11:03.232199,20,72.85,0.046,19.13,83.27,1.47,4565.8,critical
2025-04-09T00:12:03.232199,1,77.08,0.191,31.88,42.17,0.41,2542.4,critical
2025-04-09T00:12:03.232199,2,37.76,0.309,43.92,51.19,0.82,3926.4,operational
2025-04-09T00:12:03.232199,3,66.7,0.093,14.5,82.54,1.45,2431.5,critical
2025-04-09T00:12:03.232199,4,26.38,0.834,19.99,79.35,0.24,3161.8,maintenance
2025-04-09T00:12:03.232199,5,72.22,0.001,28.78,30.72,1.09,3377.3,maintenance
2025-04-09T00:12:03.232199,6,21.57,0.126,51.7,66.98,0.87,1248.2,maintenance
2025-04-09T00:12:03.232199,7,33.92,0.255,63.77,59.56,1.37,4480.7,operational
2025-04-09T00:12:03.232199,8,62.19,0.392,40.13,89.94,0.57,3840.0,maintenance
2025-04-09T00:12:03.232199,9,51.45,0.523,65.89,80.63,0.54,1989.2,operational
2025-04-09T00:12:03.232199,10,34.81,0.062,15.47,84.46,0.23,2659.7,operational
2025-04-09T00:12:03.232199,11,56.04,0.648,87.28,73.85,0.33,1598.1,maintenance
2025-04-09T00:12:03.232199,12,63.46,0.317,25.82,30.61,1.74,3700.7,maintenance
2025-04-09T00:12:03.232199,13,34.01,0.564,28.79,87.76,0.83,2165.5,critical
2025-04-09T00:12:03.232199,14,61.69,0.452,51.59,82.16,0.58,1625.6,maintenance
2025-04-09T00:12:03.232199,15,74.27,0.968,11.25,37.4,0.12,4451.7,maintenance
2025-04-09T00:12:03.232199,16,72.36,0.281,73.84,55.75,1.91,619.9,critical
2025-04-09T00:12:03.232199,17,33.37,0.047,87.96,32.62,1.88,2783.9,maintenance
2025-04-09T00:12:03.232199,18,68.24,0.823,41.92,45.68,0.72,1981.1,operational
2025-04-09T00:12:03.232199,19,26.09,0.214,65.75,89.44,0.68,2286.7,maintenance
2025-04-09T00:12:03.232199,20,57.79,0.105,34.75,66.75,1.37,1163.2,maintenance
2025-04-09T00:13:03.232199,1,77.78,0.624,26.39,89.68,0.88,1442.2,maintenance
2025-04-09T00:13:03.232199,2,52.52,0.822,53.69,83.23,1.97,1067.2,operational
2025-04-09T00:13:03.232199,3,46.16,0.706,43.44,41.23,0.73,2804.2,operational
2025-04-09T00:13:03.232199,4,71.37,0.924,92.31,87.28,0.82,4244.0,operational
2025-04-09T00:13:03.232199,5,60.42,0.346,10.24,30.96,0.85,985.8,maintenance
2025-04-09T00:13:03.232199,6,69.8,0.169,47.09,77.72,0.67,3333.4,maintenance
2025-04-09T00:13:03.232199,7,30.1,0.924,90.12,46.83,1.15,2047.6,maintenance
2025-04-09T00:13:03.232199,8,35.16,0.018,80.91,70.78,0.6,975.6,maintenance
2025-04-09T00:13:03.232199,9,79.3,0.928,18.7,32.92,1.52,4913.5,operational
2025-04-09T00:13:03.232199,10,46.88,0.197,89.31,84.4,1.63,4564.3,maintenance
2025-04-09T00:13:03.232199,11,69.18,0.998,72.06,69.38,0.25,1246.2,operational
2025-04-09T00:13:03.232199,12,70.48,0.985,52.09,31.94,1.21,647.2,maintenance
2025-04-09T00:13:03.232199,13,28.61,0.921,75.69,35.31,0.98,3607.5,critical
2025-04-09T00:13:03.232199,14,67.31,0.271,98.64,48.57,1.71,4560.9,maintenance
2025-04-09T00:13:03.232199,15,57.99,0.443,13.23,56.42,0.28,1712.9,critical
2025-04-09T00:13:03.232199,16,32.1,0.734,65.63,68.8,0.4,1439.5,critical
2025-04-09T00:13:03.232199,17,56.49,0.391,86.3,70.13,1.23,3761.0,maintenance
2025-04-09T00:13:03.232199,18,73.55,0.896,85.91,35.16,1.37,914.9,operational
2025-04-09T00:13:03.232199,19,49.09,0.245,91.69,81.52,0.3,2741.1,operational
2025-04-09T00:13:03.232199,20,31.44,0.067,84.89,33.3,1.66,2053.5,operational
2025-04-09T00:14:03.232199,1,30.51,0.211,35.14,61.12,1.78,4238.9,critical
2025-04-09T00:14:03.232199,2,23.1,0.919,39.91,60.97,1.08,2521.2,critical
2025-04-09T00:14:03.232199,3,35.69,0.477,87.26,63.39,0.57,2488.7,critical
2025-04-09T00:14:03.232199,4,28.94,0.074,48.36,68.85,0.72,3736.0,critical
2025-04-09T00:14:03.232199,5,43.18,0.677,68.43,54.29,1.79,879.4,maintenance
2025-04-09T00:14:03.232199,6,23.54,0.129,90.33,73.87,0.16,520.4,operational
2025-04-09T00:14:03.232199,7,26.04,0.05,69.98,33.21,1.25,4931.0,operational
2025-04-09T00:14:03.232199,8,29.28,0.836,47.96,53.5,1.45,2292.7,operational
2025-04-09T00:14:03.232199,9,76.28,0.901,87.67,61.51,1.25,4979.2,critical
2025-04-09T00:14:03.232199,10,66.21,0.657,72.6,78.49,1.35,582.3,critical
2025-04-09T00:14:03.232199,11,26.8,0.809,97.57,77.95,0.89,2413.5,maintenance
2025-04-09T00:14:03.232199,12,40.0,0.876,59.44,39.43,1.49,687.6,maintenance
2025-04-09T00:14:03.232199,13,76.12,0.077,64.71,30.93,0.14,2286.5,operational
2025-04-09T00:14:03.232199,14,69.57,0.291,50.61,64.17,0.66,619.0,maintenance
2025-04-09T00:14:03.232199,15,65.78,0.756,74.28,58.16,1.95,3091.6,critical
2025-04-09T00:14:03.232199,16,53.13,0.938,87.33,75.43,0.66,1108.6,operational
2025-04-09T00:14:03.232199,17,62.21,0.182,42.78,57.54,0.11,2801.3,operational
2025-04-09T00:14:03.232199,18,52.55,0.537,95.88,88.42,1.25,2798.9,operational
2025-04-09T00:14:03.232199,19,34.58,0.259,84.59,37.3,1.81,3116.7,maintenance
2025-04-09T00:14:03.232199,20,30.85,0.107,91.22,68.37,1.69,1851.8,maintenance
2025-04-09T00:15:03.232199,1,54.78,0.592,78.5,50.06,0.37,1598.0,maintenance
2025-04-09T00:15:03.232199,2,22.72,0.247,57.25,63.44,1.53,4280.8,maintenance
2025-04-09T00:15:03.232199,3,37.36,0.678,92.83,65.79,1.76,4566.3,critical
2025-04-09T00:15:03.232199,4,26.31,0.543,60.85,37.27,0.86,851.2,operational
2025-04-09T00:15:03.232199,5,28.28,0.516,60.72,39.58,1.74,1546.5,critical
2025-04-09T00:15:03.232199,6,68.41,0.917,70.42,54.54,1.08,3440.5,operational
2025-04-09T00:15:03.232199,7,79.47,0.688,58.43,65.4,0.21,1231.1,maintenance
2025-04-09T00:15:03.232199,8,62.77,0.508,18.69,35.71,0.92,4827.2,operational
2025-04-09T00:15:03.232199,9,74.64,0.812,39.05,44.7,0.85,1120.2,operational
2025-04-09T00:15:03.232199,10,43.53,0.773,64.9,62.71,1.67,1397.2,critical
2025-04-09T00:15:03.232199,11,79.84,0.592,75.17,84.28,1.77,2083.5,critical
2025-04-09T00:15:03.232199,12,75.56,0.94,65.74,36.68,0.38,587.0,maintenance
2025-04-09T00:15:03.232199,13,72.35,0.813,32.62,72.29,0.47,789.4,maintenance
2025-04-09T00:15:03.232199,14,60.23,0.525,19.87,75.95,1.68,4205.9,operational
2025-04-09T00:15:03.232199,15,49.82,0.496,27.2,85.05,1.51,2214.7,maintenance
2025-04-09T00:15:03.232199,16,29.37,0.319,18.24,55.77,1.12,2552.7,maintenance
2025-04-09T00:15:03.232199,17,62.34,0.864,69.67,87.59,0.18,908.8,operational
2025-04-09T00:15:03.232199,18,78.92,0.882,65.64,57.21,0.73,635.7,critical
2025-04-09T00:15:03.232199,19,70.56,0.617,19.94,59.8,1.02,2773.1,critical
2025-04-09T00:15:03.232199,20,23.13,0.476,16.06,88.95,1.83,1873.6,maintenance
2025-04-09T00:16:03.232199,1,32.86,0.998,15.82,85.72,1.3,1243.7,critical
2025-04-09T00:16:03.232199,2,72.37,0.33,14.84,51.76,1.86,3863.6,maintenance
2025-04-09T00:16:03.232199,3,30.95,0.515,21.18,49.15,0.55,4394.9,maintenance
2025-04-09T00:16:03.232199,4,54.28,0.876,24.07,44.78,1.11,4696.1,critical
2025-04-09T00:16:03.232199,5,57.29,0.411,34.84,72.64,0.18,4964.5,operational
2025-04-09T00:16:03.232199,6,71.63,0.46,99.07,73.94,1.52,2712.2,operational
2025-04-09T00:16:03.232199,7,63.82,0.412,41.79,43.28,1.82,4556.9,operational
2025-04-09T00:16:03.232199,8,46.2,0.009,69.94,37.96,0.32,3492.1,maintenance
2025-04-09T00:16:03.232199,9,38.26,0.629,75.48,84.8,1.86,2806.9,operational
2025-04-09T00:16:03.232199,10,77.98,0.63,45.66,73.07,0.9,2368.8,operational
2025-04-09T00:16:03.232199,11,61.01,0.302,12.67,42.72,0.98,4918.8,critical
2025-04-09T00:16:03.232199,12,36.97,0.685,51.65,35.91,0.84,4404.7,operational
2025-04-09T00:16:03.232199,13,75.76,0.131,83.94,80.08,1.64,3813.5,operational
2025-04-09T00:16:03.232199,14,69.67,0.84,67.44,69.26,1.36,2274.7,critical
2025-04-09T00:16:03.232199,15,49.9,0.895,30.83,56.56,1.25,2118.1,operational
2025-04-09T00:16:03.232199,16,73.6,0.684,47.85,54.53,0.85,1816.3,critical
2025-04-09T00:16:03.232199,17,77.15,0.358,28.59,43.93,0.74,1572.2,operational
2025-04-09T00:16:03.232199,18,36.07,0.942,89.84,60.05,1.58,1892.2,critical
2025-04-09T00:16:03.232199,19,27.22,0.583,47.38,43.36,1.26,1621.2,operational
2025-04-09T00:16:03.232199,20,58.76,0.796,71.21,50.79,1.08,967.5,operational
2025-04-09T00:17:03.232199,1,61.03,0.431,85.77,38.99,1.07,3305.7,maintenance
2025-04-09T00:17:03.232199,2,71.96,0.596,99.42,58.29,1.96,2216.3,maintenance
2025-04-09T00:17:03.232199,3,69.4,0.553,29.05,59.82,0.4,2471.1,operational
2025-04-09T00:17:03.232199,4,58.67,0.22,40.87,54.5,1.59,1596.3,operational
2025-04-09T00:17:03.232199,5,72.32,0.426,94.07,89.37,0.25,4047.4,operational
2025-04-09T00:17:03.232199,6,56.42,0.046,71.37,73.18,0.98,1307.2,critical
2025-04-09T00:17:03.232199,7,30.4,0.156,70.15,67.01,1.17,4408.2,maintenance
2025-04-09T00:17:03.232199,8,76.78,0.801,29.29,89.27,0.17,794.9,operational
2025-04-09T00:17:03.232199,9,34.67,0.849,82.7,62.33,0.89,3045.6,maintenance
2025-04-09T00:17:03.232199,10,52.4,0.373,16.2,77.79,0.23,753.4,maintenance
2025-04-09T00:17:03.232199,11,52.53,0.347,47.5,45.34,0.44,4476.8,critical
2025-04-09T00:17:03.232199,12,53.51,0.345,44.28,57.19,0.52,756.5,critical
2025-04-09T00:17:03.232199,13,59.66,0.09,89.63,66.14,1.77,3348.9,operational
2025-04-09T00:17:03.232199,14,26.17,0.131,85.37,60.26,0.29,1285.0,operational
2025-04-09T00:17:03.232199,15,68.06,1.0,62.59,61.06,0.12,790.5,operational
2025-04-09T00:17:03.232199,16,50.95,0.911,55.57,43.69,0.43,1368.4,operational
2025-04-09T00:17:03.232199,17,38.91,0.984,65.53,32.04,1.07,4140.5,critical
2025-04-09T00:17:03.232199,18,58.49,0.947,69.32,49.31,0.82,2296.6,critical
2025-04-09T00:17:03.232199,19,64.87,0.275,47.0,85.31,1.26,2937.3,maintenance
2025-04-09T00:17:03.232199,20,51.98,0.722,12.11,82.1,0.12,3534.9,operational
2025-04-09T00:18:03.232199,1,52.95,0.695,72.14,54.22,1.92,4223.2,operational
2025-04-09T00:18:03.232199,2,57.28,0.236,91.99,75.58,1.23,4513.3,operational
2025-04-09T00:18:03.232199,3,44.59,0.206,98.87,46.13,1.34,4608.7,maintenance
2025-04-09T00:18:03.232199,4,75.38,0.137,91.38,58.58,1.76,3218.5,operational
2025-04-09T00:18:03.232199,5,68.83,0.753,17.37,87.35,1.19,2865.1,critical
2025-04-09T00:18:03.232199,6,24.57,0.798,78.15,43.37,0.59,1845.7,maintenance
2025-04-09T00:18:03.232199,7,25.89,0.2,18.64,56.0,0.17,3948.7,operational
2025-04-09T00:18:03.232199,8,52.88,0.936,82.76,63.05,1.47,2185.2,operational
2025-04-09T00:18:03.232199,9,54.82,0.419,32.55,85.1,1.63,1825.0,critical
2025-04-09T00:18:03.232199,10,62.18,0.001,68.67,60.91,1.49,4345.7,maintenance
2025-04-09T00:18:03.232199,11,43.01,0.123,31.73,65.94,1.7,4925.9,operational
2025-04-09T00:18:03.232199,12,53.55,0.39,69.52,86.58,0.97,1628.9,operational
2025-04-09T00:18:03.232199,13,20.72,0.886,84.9,69.8,1.2,3899.3,critical
2025-04-09T00:18:03.232199,14,52.03,0.963,14.09,50.89,1.32,937.2,operational
2025-04-09T00:18:03.232199,15,29.25,0.855,81.8,36.04,1.61,2075.4,operational
2025-04-09T00:18:03.232199,16,55.69,0.84,15.89,38.3,0.11,902.9,maintenance
2025-04-09T00:18:03.232199,17,50.85,0.025,39.6,59.7,0.42,4586.6,maintenance
2025-04-09T00:18:03.232199,18,48.88,0.663,72.65,33.32,0.19,2809.6,critical
2025-04-09T00:18:03.232199,19,72.42,0.249,44.12,68.27,1.0,2368.9,operational
2025-04-09T00:18:03.232199,20,78.01,0.948,20.02,85.04,0.9,1258.5,critical
2025-04-09T00:19:03.232199,1,46.93,0.038,63.94,73.74,1.73,3991.8,critical
2025-04-09T00:19:03.232199,2,65.64,0.041,50.8,72.67,1.51,2674.1,critical
2025-04-09T00:19:03.232199,3,64.35,0.315,62.01,88.42,1.8,3222.8,operational
2025-04-09T00:19:03.232199,4,31.46,0.744,41.75,43.29,0.46,2080.1,maintenance
2025-04-09T00:19:03.232199,5,30.46,0.195,17.86,78.47,1.21,2838.5,critical
2025-04-09T00:19:03.232199,6,78.63,0.513,32.71,61.04,1.99,926.8,maintenance
2025-04-09T00:19:03.232199,7,77.21,0.199,65.34,34.59,0.2,3258.0,critical
2025-04-09T00:19:03.232199,8,37.11,0.891,37.33,79.28,1.92,1832.9,critical
2025-04-09T00:19:03.232199,9,32.31,0.531,82.57,39.71,1.64,2620.0,operational
2025-04-09T00:19:03.232199,10,62.72,0.851,95.35,55.0,0.77,4506.1,critical
2025-04-09T00:19:03.232199,11,44.58,0.333,94.1,59.81,0.29,2937.8,critical
2025-04-09T00:19:03.232199,12,58.54,0.158,47.63,42.23,0.14,3276.6,critical
2025-04-09T00:19:03.232199,13,66.61,0.276,88.29,48.99,1.32,1569.2,critical
2025-04-09T00:19:03.232199,14,57.76,0.787,26.71,39.54,1.38,3769.0,operational
2025-04-09T00:19:03.232199,15,29.67,0.239,37.68,52.03,1.66,3602.5,maintenance
2025-04-09T00:19:03.232199,16,25.18,0.462,84.33,72.03,0.58,1951.2,critical
2025-04-09T00:19:03.232199,17,71.77,0.461,50.34,44.74,0.71,4627.6,critical
2025-04-09T00:19:03.232199,18,44.43,0.75,37.17,84.07,1.06,2941.1,operational
2025-04-09T00:19:03.232199,19,54.76,0.616,23.26,50.71,1.75,818.2,maintenance
2025-04-09T00:19:03.232199,20,79.94,0.526,39.67,70.47,0.34,4669.2,operational
2025-04-09T00:20:03.232199,1,60.4,0.954,56.08,45.79,0.11,2258.2,critical
2025-04-09T00:20:03.232199,2,45.14,0.642,82.89,72.01,0.4,2729.4,maintenance
2025-04-09T00:20:03.232199,3,35.23,0.659,40.18,61.23,1.3,1740.6,operational
2025-04-09T00:20:03.232199,4,57.79,0.897,25.93,44.93,0.26,2164.9,maintenance
2025-04-09T00:20:03.232199,5,77.98,0.549,88.76,71.61,0.49,4650.6,critical
2025-04-09T00:20:03.232199,6,43.51,0.276,23.26,59.54,0.54,1560.7,operational
2025-04-09T00:20:03.232199,7,68.2,0.906,11.29,82.89,1.9,634.6,operational
2025-04-09T00:20:03.232199,8,28.27,0.18,16.3,47.31,0.27,4497.2,critical
2025-04-09T00:20:03.232199,9,37.83,0.472,65.2,57.55,1.19,4179.5,operational
2025-04-09T00:20:03.232199,10,30.77,0.51,33.1,79.64,0.19,3596.7,critical
2025-04-09T00:20:03.232199,11,66.83,0.529,17.17,59.92,1.47,669.9,maintenance
2025-04-09T00:20:03.232199,12,65.71,0.34,75.68,46.31,0.97,2832.4,operational
2025-04-09T00:20:03.232199,13,79.2,0.856,86.41,54.18,1.95,2649.7,maintenance
2025-04-09T00:20:03.232199,14,51.02,0.722,91.82,89.68,1.21,3317.5,operational
2025-04-09T00:20:03.232199,15,57.87,0.007,94.52,84.86,0.47,1685.1,critical
2025-04-09T00:20:03.232199,16,76.44,0.849,51.64,42.55,0.82,972.7,critical
2025-04-09T00:20:03.232199,17,50.29,0.07,88.7,89.28,0.44,4686.1,critical
2025-04-09T00:20:03.232199,18,32.18,0.249,43.92,44.96,1.99,1178.3,maintenance
2025-04-09T00:20:03.232199,19,34.26,0.062,65.84,87.14,1.19,2238.9,operational
2025-04-09T00:20:03.232199,20,34.07,0.24,16.28,83.15,0.79,3220.5,operational
2025-04-09T00:21:03.232199,1,48.31,0.561,28.37,34.66,1.77,4179.9,maintenance
2025-04-09T00:21:03.232199,2,28.62,0.934,66.86,31.44,0.64,2802.1,operational
2025-04-09T00:21:03.232199,3,55.82,0.359,79.3,47.07,0.72,1009.2,operational
2025-04-09T00:21:03.232199,4,69.59,0.206,59.39,83.4,0.74,1713.7,operational
2025-04-09T00:21:03.232199,5,44.87,0.663,88.24,74.63,0.97,3742.4,critical
2025-04-09T00:21:03.232199,6,51.15,0.428,69.82,85.89,1.54,4061.4,maintenance
2025-04-09T00:21:03.232199,7,68.47,0.137,53.59,54.81,1.71,3843.4,operational
2025-04-09T00:21:03.232199,8,75.52,0.049,62.48,50.11,1.8,3863.4,operational
2025-04-09T00:21:03.232199,9,73.25,0.034,52.97,86.05,0.9,4693.0,maintenance
2025-04-09T00:21:03.232199,10,33.69,0.007,80.75,46.78,0.43,1197.5,critical
2025-04-09T00:21:03.232199,11,25.87,0.601,18.73,78.58,0.75,896.9,critical
2025-04-09T00:21:03.232199,12,59.23,0.982,92.45,83.09,0.43,3018.0,critical
2025-04-09T00:21:03.232199,13,70.62,0.157,45.22,68.27,1.65,4665.6,maintenance
2025-04-09T00:21:03.232199,14,26.5,0.487,88.45,45.96,1.41,2388.8,maintenance
2025-04-09T00:21:03.232199,15,51.24,0.359,64.9,39.48,0.18,2155.4,maintenance
2025-04-09T00:21:03.232199,16,23.15,0.407,64.63,40.63,1.7,3908.6,critical
2025-04-09T00:21:03.232199,17,34.81,0.181,93.76,84.91,0.89,2460.1,critical
2025-04-09T00:21:03.232199,18,73.9,0.194,53.46,32.8,1.57,2788.3,critical
2025-04-09T00:21:03.232199,19,50.15,0.72,67.79,40.87,1.55,2423.0,critical
2025-04-09T00:21:03.232199,20,35.12,0.871,10.45,46.19,1.03,3605.5,operational
2025-04-09T00:22:03.232199,1,67.33,0.12,24.96,70.18,0.36,1973.2,operational
2025-04-09T00:22:03.232199,2,34.44,0.658,99.88,69.32,1.03,3818.3,maintenance
2025-04-09T00:22:03.232199,3,21.49,0.298,34.21,71.01,1.15,4037.4,critical
2025-04-09T00:22:03.232199,4,46.89,0.765,25.23,58.4,1.37,672.0,maintenance
2025-04-09T00:22:03.232199,5,78.97,0.167,31.42,47.32,0.72,3623.9,operational
2025-04-09T00:22:03.232199,6,28.3,0.878,96.37,67.52,1.44,2594.8,operational
2025-04-09T00:22:03.232199,7,60.29,0.06,68.82,70.94,1.3,1896.5,critical
2025-04-09T00:22:03.232199,8,37.13,0.871,56.65,88.78,0.42,4020.5,maintenance
2025-04-09T00:22:03.232199,9,62.19,0.394,47.87,43.31,1.36,3647.0,maintenance
2025-04-09T00:22:03.232199,10,44.86,0.084,61.43,56.0,0.74,910.4,maintenance
2025-04-09T00:22:03.232199,11,25.78,0.261,49.86,69.81,0.64,2251.6,maintenance
2025-04-09T00:22:03.232199,12,68.42,0.834,42.52,84.15,0.87,1882.0,maintenance
2025-04-09T00:22:03.232199,13,75.98,0.41,84.77,52.63,0.41,2761.2,operational
2025-04-09T00:22:03.232199,14,25.18,0.769,32.95,33.91,0.5,2117.0,operational
2025-04-09T00:22:03.232199,15,38.09,0.892,59.04,79.03,0.11,3529.0,operational
2025-04-09T00:22:03.232199,16,33.25,0.402,59.56,46.5,1.62,877.2,maintenance
2025-04-09T00:22:03.232199,17,34.12,0.419,96.63,30.94,1.64,3957.6,maintenance
2025-04-09T00:22:03.232199,18,64.26,0.015,67.34,77.47,0.47,1012.8,operational
2025-04-09T00:22:03.232199,19,57.65,0.925,65.3,44.26,0.66,1771.1,maintenance
2025-04-09T00:22:03.232199,20,77.95,0.96,83.98,67.87,1.25,3574.8,critical
2025-04-09T00:23:03.232199,1,61.49,0.239,85.29,50.57,1.6,3864.2,operational
2025-04-09T00:23:03.232199,2,21.0,0.6,14.42,47.12,0.42,519.4,maintenance
2025-04-09T00:23:03.232199,3,25.05,0.315,14.8,62.82,1.93,1810.8,operational
2025-04-09T00:23:03.232199,4,39.13,0.206,88.85,78.54,1.55,1218.4,critical
2025-04-09T00:23:03.232199,5,51.23,0.309,47.31,42.28,0.38,679.1,maintenance
2025-04-09T00:23:03.232199,6,55.2,0.089,58.65,73.88,0.51,3986.9,critical
2025-04-09T00:23:03.232199,7,42.44,0.28,77.34,63.09,0.25,4543.5,maintenance
2025-04-09T00:23:03.232199,8,22.98,0.988,97.79,53.03,1.51,826.7,maintenance
2025-04-09T00:23:03.232199,9,36.91,0.249,91.44,45.05,0.13,3133.5,maintenance
2025-04-09T00:23:03.232199,10,55.39,0.427,26.21,37.79,0.39,4494.3,operational
2025-04-09T00:23:03.232199,11,68.35,0.428,33.62,86.49,1.71,1527.9,operational
2025-04-09T00:23:03.232199,12,71.31,0.957,51.74,38.54,1.76,1078.0,maintenance
2025-04-09T00:23:03.232199,13,70.38,0.463,29.82,34.67,0.88,2866.3,operational
2025-04-09T00:23:03.232199,14,53.25,0.074,71.35,42.01,1.55,3556.9,maintenance
2025-04-09T00:23:03.232199,15,59.72,0.503,53.17,84.25,0.94,1939.7,operational
2025-04-09T00:23:03.232199,16,69.43,0.387,29.34,73.76,1.14,1059.8,critical
2025-04-09T00:23:03.232199,17,55.85,0.417,45.79,36.3,1.59,915.8,critical
2025-04-09T00:23:03.232199,18,70.68,0.541,88.32,37.2,1.54,4777.9,critical
2025-04-09T00:23:03.232199,19,33.56,0.292,84.83,59.12,0.48,4203.0,maintenance
2025-04-09T00:23:03.232199,20,24.23,0.524,98.3,63.47,1.13,2322.0,maintenance
2025-04-09T00:24:03.232199,1,33.05,0.37,31.17,32.02,1.59,3419.1,operational
2025-04-09T00:24:03.232199,2,52.52,0.622,75.89,75.47,0.57,3194.9,operational
2025-04-09T00:24:03.232199,3,51.27,0.868,35.64,36.86,1.03,916.8,operational
2025-04-09T00:24:03.232199,4,73.61,0.122,59.72,48.94,1.96,538.1,operational
2025-04-09T00:24:03.232199,5,37.38,0.898,23.24,33.28,0.87,1242.7,maintenance
2025-04-09T00:24:03.232199,6,69.74,0.072,39.43,53.13,1.09,3693.5,operational
2025-04-09T00:24:03.232199,7,61.12,0.906,49.73,74.45,1.84,3375.8,maintenance
2025-04-09T00:24:03.232199,8,62.23,0.539,60.57,34.83,1.9,1916.5,operational
2025-04-09T00:24:03.232199,9,48.29,0.502,68.82,33.0,0.41,4403.1,operational
2025-04-09T00:24:03.232199,10,49.69,0.379,33.38,51.34,0.52,3511.5,operational
2025-04-09T00:24:03.232199,11,48.49,0.154,99.14,86.72,1.99,2391.5,maintenance
2025-04-09T00:24:03.232199,12,47.38,0.277,94.71,36.17,1.1,3485.3,operational
2025-04-09T00:24:03.232199,13,53.2,0.383,77.84,89.95,0.53,1662.5,critical
2025-04-09T00:24:03.232199,14,27.01,0.522,56.68,88.92,0.14,3207.4,maintenance
2025-04-09T00:24:03.232199,15,56.65,0.384,33.37,53.9,0.12,3957.6,maintenance
2025-04-09T00:24:03.232199,16,27.63,0.319,91.56,56.86,0.66,4310.2,critical
2025-04-09T00:24:03.232199,17,21.14,0.673,39.3,89.37,1.8,2776.0,maintenance
2025-04-09T00:24:03.232199,18,41.43,0.886,13.72,88.38,0.15,1931.0,critical
2025-04-09T00:24:03.232199,19,44.3,0.767,63.82,57.03,0.29,3568.0,operational
2025-04-09T00:24:03.232199,20,62.84,0.613,62.9,88.25,0.21,1435.4,critical
2025-04-09T00:25:03.232199,1,46.05,0.243,77.37,84.02,0.62,3324.3,critical
2025-04-09T00:25:03.232199,2,46.29,0.729,38.4,87.12,1.65,2487.0,maintenance
2025-04-09T00:25:03.232199,3,26.51,0.128,35.98,39.04,0.66,1844.0,maintenance
2025-04-09T00:25:03.232199,4,61.48,1.0,95.69,42.81,1.77,978.9,maintenance
2025-04-09T00:25:03.232199,5,79.36,0.152,25.66,57.95,0.7,3460.1,critical
2025-04-09T00:25:03.232199,6,68.86,0.711,90.04,38.91,1.24,2343.3,operational
2025-04-09T00:25:03.232199,7,53.33,0.2,64.04,74.35,1.59,3494.2,critical
2025-04-09T00:25:03.232199,8,58.38,0.04,79.33,82.11,0.18,3244.1,operational
2025-04-09T00:25:03.232199,9,23.65,0.656,62.99,50.45,1.06,2360.5,critical
2025-04-09T00:25:03.232199,10,43.85,0.218,46.55,88.68,1.02,4766.3,maintenance
2025-04-09T00:25:03.232199,11,67.86,0.642,38.74,45.15,0.38,3596.5,critical
2025-04-09T00:25:03.232199,12,73.45,0.452,62.19,78.44,0.52,2175.8,maintenance
2025-04-09T00:25:03.232199,13,66.67,0.467,64.83,81.39,0.6,3754.4,maintenance
2025-04-09T00:25:03.232199,14,52.13,0.503,96.68,36.18,1.3,1116.9,maintenance
2025-04-09T00:25:03.232199,15,65.05,0.607,88.66,82.05,0.22,1399.9,critical
2025-04-09T00:25:03.232199,16,77.61,0.953,75.03,83.1,0.29,1720.5,maintenance
2025-04-09T00:25:03.232199,17,57.79,0.977,12.07,63.6,1.13,1006.1,operational
2025-04-09T00:25:03.232199,18,78.5,0.45,76.69,38.32,0.36,4044.4,maintenance
2025-04-09T00:25:03.232199,19,33.35,0.932,87.75,89.42,0.84,4780.5,critical
2025-04-09T00:25:03.232199,20,50.19,0.095,65.12,43.92,0.41,1569.7,maintenance
2025-04-09T00:26:03.232199,1,26.53,0.415,48.28,75.79,0.52,3494.5,operational
2025-04-09T00:26:03.232199,2,67.98,0.428,21.09,67.98,0.85,4140.7,critical
2025-04-09T00:26:03.232199,3,26.08,0.62,82.98,40.24,1.97,678.4,critical
2025-04-09T00:26:03.232199,4,20.15,0.552,38.75,47.21,1.56,1143.9,maintenance
2025-04-09T00:26:03.232199,5,43.71,0.537,18.21,69.9,0.98,2761.0,critical
2025-04-09T00:26:03.232199,6,41.48,0.85,66.01,81.91,0.68,4862.3,maintenance
2025-04-09T00:26:03.232199,7,47.17,0.487,98.39,39.4,1.58,3827.3,operational
2025-04-09T00:26:03.232199,8,47.13,0.465,17.98,50.52,1.51,3661.7,operational
2025-04-09T00:26:03.232199,9,64.06,0.499,83.3,45.93,0.46,552.5,maintenance
2025-04-09T00:26:03.232199,10,55.96,0.2,73.8,62.72,1.24,1256.0,operational
2025-04-09T00:26:03.232199,11,66.36,0.373,16.45,58.59,1.77,2485.2,operational
2025-04-09T00:26:03.232199,12,55.71,0.733,71.02,50.79,0.21,1298.8,operational
2025-04-09T00:26:03.232199,13,52.24,0.743,76.16,78.61,1.34,4781.8,maintenance
2025-04-09T00:26:03.232199,14,66.46,0.14,39.05,30.86,1.12,2076.1,maintenance
2025-04-09T00:26:03.232199,15,65.83,0.186,43.76,31.36,1.69,583.6,operational
2025-04-09T00:26:03.232199,16,77.52,0.348,16.87,85.35,1.7,4376.1,operational
2025-04-09T00:26:03.232199,17,34.56,0.314,14.39,73.43,1.31,2530.0,maintenance
2025-04-09T00:26:03.232199,18,35.04,0.712,15.03,42.58,1.65,3791.4,operational
2025-04-09T00:26:03.232199,19,54.77,0.615,68.56,87.09,1.16,2651.9,maintenance
2025-04-09T00:26:03.232199,20,77.88,0.722,31.96,46.94,0.29,4018.9,maintenance
2025-04-09T00:27:03.232199,1,56.88,0.672,52.23,70.96,1.57,4398.6,critical
2025-04-09T00:27:03.232199,2,69.75,0.412,27.84,74.3,0.87,2591.2,maintenance
2025-04-09T00:27:03.232199,3,48.75,0.466,36.13,57.35,1.34,3398.1,maintenance
2025-04-09T00:27:03.232199,4,20.14,0.887,52.0,85.77,1.9,1613.6,critical
2025-04-09T00:27:03.232199,5,51.36,0.594,86.16,38.82,1.93,2332.9,maintenance
2025-04-09T00:27:03.232199,6,34.13,0.853,30.22,45.83,0.67,2415.4,critical
2025-04-09T00:27:03.232199,7,49.12,0.189,94.52,86.59,1.76,824.8,operational
2025-04-09T00:27:03.232199,8,73.35,0.938,41.39,47.78,0.12,3516.4,critical
2025-04-09T00:27:03.232199,9,54.27,0.158,41.14,61.99,0.59,2198.1,operational
2025-04-09T00:27:03.232199,10,28.1,0.446,35.14,32.36,0.92,4497.7,operational
2025-04-09T00:27:03.232199,11,48.57,0.095,67.96,76.42,1.98,4125.4,critical
2025-04-09T00:27:03.232199,12,50.03,0.962,36.44,65.8,1.75,1385.2,critical
2025-04-09T00:27:03.232199,13,56.83,0.126,56.42,59.22,0.83,4505.7,maintenance
2025-04-09T00:27:03.232199,14,65.06,0.889,49.04,72.12,1.88,4188.3,maintenance
2025-04-09T00:27:03.232199,15,57.32,0.649,39.7,30.21,0.24,4426.4,maintenance
2025-04-09T00:27:03.232199,16,54.57,0.415,70.21,30.45,1.34,1269.9,operational
2025-04-09T00:27:03.232199,17,59.39,0.859,20.33,62.91,0.14,3495.9,operational
2025-04-09T00:27:03.232199,18,46.67,0.846,38.47,59.2,1.33,638.6,critical
2025-04-09T00:27:03.232199,19,75.86,0.78,48.48,60.39,0.87,4900.1,critical
2025-04-09T00:27:03.232199,20,56.6,0.947,22.11,48.11,1.65,4478.9,maintenance
2025-04-09T00:28:03.232199,1,64.07,0.064,40.22,59.71,0.27,1628.0,operational
2025-04-09T00:28:03.232199,2,34.77,0.268,89.24,77.29,0.71,577.3,maintenance
2025-04-09T00:28:03.232199,3,71.52,0.591,61.3,80.15,1.32,4523.2,operational
2025-04-09T00:28:03.232199,4,63.08,0.23,54.2,83.12,0.63,2240.6,critical
2025-04-09T00:28:03.232199,5,62.35,0.602,94.13,34.66,1.74,4278.3,operational
2025-04-09T00:28:03.232199,6,25.19,0.139,44.22,83.4,0.74,1466.9,critical
2025-04-09T00:28:03.232199,7,24.41,0.192,40.11,73.01,1.0,605.3,critical
2025-04-09T00:28:03.232199,8,77.33,0.374,37.72,76.96,0.21,2143.9,operational
2025-04-09T00:28:03.232199,9,50.34,0.31,77.39,78.75,1.56,4853.4,critical
2025-04-09T00:28:03.232199,10,52.34,0.544,62.06,57.89,0.38,1870.8,operational
2025-04-09T00:28:03.232199,11,23.08,0.122,74.64,31.75,0.41,4948.3,operational
2025-04-09T00:28:03.232199,12,57.55,0.006,50.3,65.29,0.43,2517.9,critical
2025-04-09T00:28:03.232199,13,58.93,0.401,53.22,52.9,0.84,784.8,operational
2025-04-09T00:28:03.232199,14,35.21,0.106,77.25,87.55,1.47,4241.6,critical
2025-04-09T00:28:03.232199,15,29.71,0.009,24.51,78.11,1.55,4032.6,maintenance
2025-04-09T00:28:03.232199,16,66.37,0.092,55.99,73.38,0.45,4528.0,maintenance
2025-04-09T00:28:03.232199,17,44.57,0.554,72.53,38.5,1.11,4874.4,maintenance
2025-04-09T00:28:03.232199,18,43.48,0.909,75.84,30.46,1.37,4401.5,maintenance
2025-04-09T00:28:03.232199,19,47.31,0.084,40.53,31.7,0.68,1163.6,operational
2025-04-09T00:28:03.232199,20,25.63,0.314,85.9,46.88,1.55,4930.3,operational
2025-04-09T00:29:03.232199,1,77.45,0.024,81.76,71.29,1.48,1257.9,maintenance
2025-04-09T00:29:03.232199,2,44.56,0.604,86.78,77.99,1.82,2795.6,operational
2025-04-09T00:29:03.232199,3,56.84,0.031,39.86,59.4,1.58,4497.4,maintenance
2025-04-09T00:29:03.232199,4,20.21,0.186,72.92,65.21,0.63,4171.9,critical
2025-04-09T00:29:03.232199,5,36.05,0.862,33.1,77.44,0.31,4394.7,critical
2025-04-09T00:29:03.232199,6,27.94,0.501,59.26,81.7,0.1,3644.3,maintenance
2025-04-09T00:29:03.232199,7,34.19,0.204,50.3,84.48,0.86,4549.9,operational
2025-04-09T00:29:03.232199,8,78.89,0.388,12.58,71.05,0.39,616.5,operational
2025-04-09T00:29:03.232199,9,21.79,0.767,60.61,83.16,1.85,1596.0,maintenance
2025-04-09T00:29:03.232199,10,26.24,0.298,27.32,87.91,0.1,1135.6,critical
2025-04-09T00:29:03.232199,11,29.62,0.37,91.25,35.64,0.76,1859.3,critical
2025-04-09T00:29:03.232199,12,76.49,0.285,37.01,54.11,0.17,1074.3,maintenance
2025-04-09T00:29:03.232199,13,49.78,0.423,12.63,32.64,0.67,1779.4,critical
2025-04-09T00:29:03.232199,14,47.05,0.487,83.56,62.94,1.17,768.9,operational
2025-04-09T00:29:03.232199,15,21.83,0.288,13.33,34.23,0.37,4433.2,critical
2025-04-09T00:29:03.232199,16,70.45,0.21,38.8,39.43,0.83,3690.7,critical
2025-04-09T00:29:03.232199,17,61.54,0.449,33.7,68.19,1.77,2147.1,operational
2025-04-09T00:29:03.232199,18,75.45,0.421,25.82,75.25,0.66,1939.0,operational
2025-04-09T00:29:03.232199,19,41.32,0.634,51.88,46.38,1.79,1128.8,maintenance
2025-04-09T00:29:03.232199,20,24.87,0.428,50.84,75.05,1.96,4480.3,critical
2025-04-09T00:30:03.232199,1,78.18,0.428,22.48,80.52,1.59,4666.2,operational
2025-04-09T00:30:03.232199,2,74.9,0.684,39.59,62.42,0.5,2628.4,maintenance
2025-04-09T00:30:03.232199,3,78.77,0.019,72.62,85.53,0.23,3045.6,operational
2025-04-09T00:30:03.232199,4,39.81,0.747,92.7,82.55,1.08,1957.8,operational
2025-04-09T00:30:03.232199,5,45.07,0.632,72.09,73.49,0.57,3520.4,operational
2025-04-09T00:30:03.232199,6,31.72,0.253,67.27,63.55,1.32,4272.6,operational
2025-04-09T00:30:03.232199,7,66.3,0.044,29.23,51.69,0.26,4755.5,operational
2025-04-09T00:30:03.232199,8,58.47,0.804,13.9,78.32,1.18,2521.9,critical
2025-04-09T00:30:03.232199,9,29.92,0.03,39.26,65.04,0.25,2873.9,operational
2025-04-09T00:30:03.232199,10,51.61,0.574,21.81,58.96,0.89,1513.0,critical
2025-04-09T00:30:03.232199,11,48.25,0.567,28.87,88.37,0.62,1281.5,operational
2025-04-09T00:30:03.232199,12,39.04,0.46,41.81,88.78,0.49,677.8,maintenance
2025-04-09T00:30:03.232199,13,33.63,0.916,37.93,61.5,0.97,2134.0,maintenance
2025-04-09T00:30:03.232199,14,67.71,0.187,97.84,37.74,1.88,1968.5,operational
2025-04-09T00:30:03.232199,15,47.57,0.932,13.1,89.57,0.89,1655.7,maintenance
2025-04-09T00:30:03.232199,16,27.06,0.779,90.63,85.35,1.94,2767.4,maintenance
2025-04-09T00:30:03.232199,17,45.21,0.419,90.65,52.89,1.77,3176.1,operational
2025-04-09T00:30:03.232199,18,55.72,0.927,13.99,86.13,0.74,2473.9,operational
2025-04-09T00:30:03.232199,19,37.59,0.049,84.01,39.52,0.38,3114.8,operational
2025-04-09T00:30:03.232199,20,69.06,0.744,35.74,60.38,0.17,753.3,operational
2025-04-09T00:31:03.232199,1,70.65,0.53,32.97,76.06,1.16,1419.9,operational
2025-04-09T00:31:03.232199,2,66.17,0.376,67.17,80.8,0.24,1734.1,critical
2025-04-09T00:31:03.232199,3,70.01,0.139,52.17,58.3,1.74,3704.1,critical
2025-04-09T00:31:03.232199,4,73.12,0.822,94.82,44.35,1.35,4124.5,critical
2025-04-09T00:31:03.232199,5,24.94,0.439,62.29,49.28,1.78,4780.4,operational
2025-04-09T00:31:03.232199,6,21.7,0.819,21.56,64.67,0.74,2229.7,operational
2025-04-09T00:31:03.232199,7,42.65,0.261,78.09,64.1,1.5,1174.6,critical
2025-04-09T00:31:03.232199,8,57.78,0.315,52.48,67.87,0.28,2347.7,operational
2025-04-09T00:31:03.232199,9,58.7,0.183,10.2,84.96,1.55,779.8,operational
2025-04-09T00:31:03.232199,10,33.05,0.143,28.52,35.38,1.51,1775.4,critical
2025-04-09T00:31:03.232199,11,41.02,0.793,86.28,68.83,1.43,2007.7,critical
2025-04-09T00:31:03.232199,12,38.42,0.742,18.89,38.56,0.63,3947.0,maintenance
2025-04-09T00:31:03.232199,13,34.41,0.622,92.02,51.36,1.02,3430.4,critical
2025-04-09T00:31:03.232199,14,28.52,0.052,78.0,69.55,1.37,4797.7,maintenance
2025-04-09T00:31:03.232199,15,27.46,0.234,56.42,75.81,1.55,3239.8,critical
2025-04-09T00:31:03.232199,16,58.91,0.574,84.49,33.55,0.19,2762.7,critical
2025-04-09T00:31:03.232199,17,71.65,0.521,26.75,69.99,1.5,4226.8,critical
2025-04-09T00:31:03.232199,18,40.16,0.509,89.2,61.05,1.96,1107.4,critical
2025-04-09T00:31:03.232199,19,30.85,0.419,88.65,57.43,1.65,982.5,critical
2025-04-09T00:31:03.232199,20,28.57,0.831,82.8,30.35,0.28,3362.1,maintenance
2025-04-09T00:32:03.232199,1,49.86,0.377,30.77,32.84,1.35,2971.3,maintenance
2025-04-09T00:32:03.232199,2,74.74,0.545,70.94,82.44,1.56,2795.0,maintenance
2025-04-09T00:32:03.232199,3,66.06,0.736,27.05,74.88,0.6,567.7,maintenance
2025-04-09T00:32:03.232199,4,48.3,0.063,33.94,33.11,0.64,2881.4,critical
2025-04-09T00:32:03.232199,5,38.08,0.183,33.92,85.04,0.5,3828.9,maintenance
2025-04-09T00:32:03.232199,6,76.65,0.999,20.72,46.4,1.66,4640.9,operational
2025-04-09T00:32:03.232199,7,43.7,0.489,71.95,62.25,1.11,1873.7,maintenance
2025-04-09T00:32:03.232199,8,48.13,0.219,28.74,38.11,0.86,3896.4,maintenance
2025-04-09T00:32:03.232199,9,35.39,0.017,33.78,68.32,1.29,1891.8,operational
2025-04-09T00:32:03.232199,10,44.89,0.177,79.91,43.31,0.94,3450.5,maintenance
2025-04-09T00:32:03.232199,11,49.81,0.746,94.61,66.87,0.1,571.3,critical
2025-04-09T00:32:03.232199,12,42.48,0.158,76.92,61.23,1.37,2242.3,critical
2025-04-09T00:32:03.232199,13,64.53,0.446,23.14,86.31,1.26,2459.7,maintenance
2025-04-09T00:32:03.232199,14,72.49,0.493,34.44,73.75,0.34,3876.8,critical
2025-04-09T00:32:03.232199,15,25.02,0.27,38.23,35.95,1.48,3309.4,maintenance
2025-04-09T00:32:03.232199,16,72.07,0.002,46.34,44.16,0.79,861.7,operational
2025-04-09T00:32:03.232199,17,39.31,0.342,68.08,83.67,0.32,3887.7,maintenance
2025-04-09T00:32:03.232199,18,25.75,0.735,40.39,46.0,0.13,568.3,critical
2025-04-09T00:32:03.232199,19,62.75,0.321,73.72,60.93,1.14,1309.8,critical
2025-04-09T00:32:03.232199,20,37.35,0.475,97.77,74.66,0.48,2954.3,maintenance
2025-04-09T00:33:03.232199,1,32.59,0.344,51.53,32.4,0.12,1625.4,operational
2025-04-09T00:33:03.232199,2,60.88,0.571,93.28,89.36,0.83,2651.0,critical
2025-04-09T00:33:03.232199,3,42.8,0.181,84.18,69.31,1.01,827.0,maintenance
2025-04-09T00:33:03.232199,4,48.73,0.46,33.93,39.24,1.34,1734.8,maintenance
2025-04-09T00:33:03.232199,5,78.12,0.396,22.05,64.99,0.62,1463.5,maintenance
2025-04-09T00:33:03.232199,6,47.39,0.202,95.77,75.39,1.22,3914.3,operational
2025-04-09T00:33:03.232199,7,45.98,0.332,41.11,64.37,0.44,960.2,operational
2025-04-09T00:33:03.232199,8,44.95,0.916,25.23,69.17,2.0,2403.1,operational
2025-04-09T00:33:03.232199,9,46.43,0.213,77.37,42.32,0.84,1390.3,operational
2025-04-09T00:33:03.232199,10,36.47,0.29,24.82,61.05,1.83,2295.4,operational
2025-04-09T00:33:03.232199,11,51.3,0.4,22.31,65.98,0.27,1285.1,critical
2025-04-09T00:33:03.232199,12,74.48,0.742,17.06,81.01,1.66,866.1,critical
2025-04-09T00:33:03.232199,13,69.1,0.16,20.28,75.85,0.48,4308.9,operational
2025-04-09T00:33:03.232199,14,78.1,0.816,63.65,59.54,1.34,3279.4,operational
2025-04-09T00:33:03.232199,15,72.31,0.445,16.11,74.92,0.96,689.0,operational
2025-04-09T00:33:03.232199,16,43.15,0.815,98.29,59.51,1.22,725.8,critical
2025-04-09T00:33:03.232199,17,44.38,0.848,86.08,59.26,0.28,4043.9,maintenance
2025-04-09T00:33:03.232199,18,32.52,0.03,17.09,60.88,0.89,4070.4,maintenance
2025-04-09T00:33:03.232199,19,52.42,0.428,86.4,51.85,0.95,3679.5,critical
2025-04-09T00:33:03.232199,20,71.92,0.8,66.25,34.89,0.12,1726.1,maintenance
2025-04-09T00:34:03.232199,1,72.99,0.736,27.36,58.88,0.22,2513.9,maintenance
2025-04-09T00:34:03.232199,2,39.1,0.538,60.89,49.39,0.25,2418.2,critical
2025-04-09T00:34:03.232199,3,30.17,0.803,17.64,40.61,0.74,753.6,operational
2025-04-09T00:34:03.232199,4,45.74,0.074,25.23,49.69,0.69,4776.2,maintenance
2025-04-09T00:34:03.232199,5,27.67,0.235,11.58,35.81,0.23,597.0,operational
2025-04-09T00:34:03.232199,6,28.71,1.0,39.03,51.57,0.6,1995.1,critical
2025-04-09T00:34:03.232199,7,65.9,0.514,41.45,56.72,1.94,4245.3,critical
2025-04-09T00:34:03.232199,8,59.86,0.827,82.84,53.02,1.67,818.4,operational
2025-04-09T00:34:03.232199,9,45.37,0.879,69.72,86.82,1.83,4595.5,operational
2025-04-09T00:34:03.232199,10,64.83,0.794,63.72,73.11,1.64,1416.5,critical
2025-04-09T00:34:03.232199,11,56.58,0.909,86.7,33.28,1.78,2295.8,maintenance
2025-04-09T00:34:03.232199,12,69.2,0.349,93.12,56.29,1.99,1532.2,operational
2025-04-09T00:34:03.232199,13,26.83,0.962,32.22,78.69,1.98,1188.6,operational
2025-04-09T00:34:03.232199,14,31.21,0.981,70.11,61.11,0.83,2909.9,maintenance
2025-04-09T00:34:03.232199,15,45.85,0.019,69.42,36.13,0.44,1141.1,maintenance
2025-04-09T00:34:03.232199,16,34.2,0.594,50.2,47.45,0.64,3416.7,maintenance
2025-04-09T00:34:03.232199,17,60.38,0.468,77.64,65.46,1.38,522.1,operational
2025-04-09T00:34:03.232199,18,23.09,0.741,76.33,47.82,0.56,1672.6,maintenance
2025-04-09T00:34:03.232199,19,35.09,0.382,79.59,89.82,0.79,1768.4,maintenance
2025-04-09T00:34:03.232199,20,26.49,0.017,90.33,44.13,0.66,2182.8,operational
2025-04-09T00:35:03.232199,1,28.11,0.809,83.22,52.62,1.98,1375.6,critical
2025-04-09T00:35:03.232199,2,24.44,0.898,21.53,68.33,0.41,1036.7,maintenance
2025-04-09T00:35:03.232199,3,46.91,0.616,14.51,58.1,1.64,1192.5,maintenance
2025-04-09T00:35:03.232199,4,28.88,0.393,58.09,60.99,1.11,1148.8,maintenance
2025-04-09T00:35:03.232199,5,20.11,0.702,20.61,70.46,0.59,4316.6,operational
2025-04-09T00:35:03.232199,6,40.37,0.074,38.58,55.62,1.61,755.8,operational
2025-04-09T00:35:03.232199,7,61.3,0.088,32.04,39.45,0.71,1939.8,maintenance
2025-04-09T00:35:03.232199,8,63.38,0.703,67.82,43.37,0.38,2708.7,maintenance
2025-04-09T00:35:03.232199,9,59.71,0.351,61.3,81.06,1.9,2493.4,maintenance
2025-04-09T00:35:03.232199,10,70.31,0.098,71.08,85.78,1.65,1025.2,critical
2025-04-09T00:35:03.232199,11,37.48,0.947,19.31,75.78,0.75,2956.5,operational
2025-04-09T00:35:03.232199,12,43.83,0.946,21.08,87.39,0.17,3079.7,maintenance
2025-04-09T00:35:03.232199,13,24.5,0.442,58.12,79.78,0.14,4418.9,operational
2025-04-09T00:35:03.232199,14,55.33,0.782,32.15,65.82,0.81,1268.7,critical
2025-04-09T00:35:03.232199,15,40.53,0.833,75.3,46.52,1.67,4938.9,critical
2025-04-09T00:35:03.232199,16,56.74,0.32,90.49,51.07,1.25,3505.0,operational
2025-04-09T00:35:03.232199,17,59.16,0.266,36.45,37.53,0.5,1515.8,critical
2025-04-09T00:35:03.232199,18,70.15,0.055,43.96,32.72,1.97,4456.6,critical
2025-04-09T00:35:03.232199,19,27.82,0.138,70.12,37.01,1.14,2003.3,operational
2025-04-09T00:35:03.232199,20,43.31,0.224,27.83,32.02,1.72,4699.7,maintenance
2025-04-09T00:36:03.232199,1,65.89,0.667,68.92,82.37,1.36,3173.8,critical
2025-04-09T00:36:03.232199,2,60.28,0.655,83.04,85.17,0.31,1359.7,maintenance
2025-04-09T00:36:03.232199,3,78.53,0.283,73.82,31.35,1.21,3484.7,operational
2025-04-09T00:36:03.232199,4,24.06,0.363,63.56,62.29,0.89,637.6,operational
2025-04-09T00:36:03.232199,5,36.26,0.706,56.12,87.24,0.23,4058.4,operational
2025-04-09T00:36:03.232199,6,76.31,0.808,69.76,76.74,0.45,4236.6,critical
2025-04-09T00:36:03.232199,7,74.75,0.849,99.83,30.71,1.66,1079.8,critical
2025-04-09T00:36:03.232199,8,67.23,0.002,77.74,70.67,1.35,2364.6,maintenance
2025-04-09T00:36:03.232199,9,57.46,0.663,46.17,44.95,1.76,4275.6,operational
2025-04-09T00:36:03.232199,10,52.25,0.885,69.56,37.47,1.55,3742.9,critical
2025-04-09T00:36:03.232199,11,32.65,0.332,17.01,41.06,1.33,1795.7,operational
2025-04-09T00:36:03.232199,12,30.74,0.777,79.04,74.38,0.52,4118.6,critical
2025-04-09T00:36:03.232199,13,79.64,0.474,80.53,32.98,1.77,4882.9,operational
2025-04-09T00:36:03.232199,14,27.03,0.545,73.37,75.4,1.36,3657.6,critical
2025-04-09T00:36:03.232199,15,44.53,0.072,39.57,46.97,0.19,2041.4,critical
2025-04-09T00:36:03.232199,16,75.61,0.072,44.03,87.87,1.18,1914.7,operational
2025-04-09T00:36:03.232199,17,21.39,0.888,20.35,60.4,1.68,901.7,critical
2025-04-09T00:36:03.232199,18,55.45,0.105,22.74,63.32,0.45,2258.1,maintenance
2025-04-09T00:36:03.232199,19,68.79,0.978,36.76,67.51,1.21,1790.1,critical
2025-04-09T00:36:03.232199,20,77.56,0.26,49.91,37.63,0.48,2562.1,operational
2025-04-09T00:37:03.232199,1,56.55,0.458,97.71,69.75,0.1,3600.9,operational
2025-04-09T00:37:03.232199,2,46.16,0.369,58.32,34.24,0.86,4045.7,maintenance
2025-04-09T00:37:03.232199,3,71.13,0.448,18.77,46.06,1.61,4593.8,operational
2025-04-09T00:37:03.232199,4,64.08,0.575,32.63,42.38,1.74,951.4,critical
2025-04-09T00:37:03.232199,5,43.42,0.054,42.79,83.73,0.44,4139.4,critical
2025-04-09T00:37:03.232199,6,57.34,0.903,10.88,50.18,0.46,2970.3,operational
2025-04-09T00:37:03.232199,7,66.4,0.68,99.21,39.21,1.98,2880.0,critical
2025-04-09T00:37:03.232199,8,32.8,0.316,29.68,43.24,0.46,3867.0,operational
2025-04-09T00:37:03.232199,9,78.17,0.504,73.87,48.83,1.07,949.5,maintenance
2025-04-09T00:37:03.232199,10,53.65,0.158,73.12,65.78,1.29,2764.3,maintenance
2025-04-09T00:37:03.232199,11,32.1,0.289,54.0,39.57,1.45,3809.9,critical
2025-04-09T00:37:03.232199,12,31.74,0.929,35.37,42.58,0.19,2736.8,critical
2025-04-09T00:37:03.232199,13,61.13,0.717,44.2,73.08,0.44,2270.2,operational
2025-04-09T00:37:03.232199,14,38.87,0.354,78.41,42.21,0.56,2724.9,critical
2025-04-09T00:37:03.232199,15,60.2,0.402,64.82,76.54,1.2,1052.5,operational
2025-04-09T00:37:03.232199,16,26.12,0.347,18.42,62.87,1.67,2512.1,maintenance
2025-04-09T00:37:03.232199,17,24.0,0.914,22.6,85.75,1.86,3917.3,operational
2025-04-09T00:37:03.232199,18,23.15,0.358,43.66,68.59,1.65,4464.1,critical
2025-04-09T00:37:03.232199,19,34.53,0.27,93.25,33.81,1.48,4057.1,operational
2025-04-09T00:37:03.232199,20,36.29,0.08,91.71,42.55,1.07,4524.2,operational
2025-04-09T00:38:03.232199,1,35.23,0.571,49.81,87.61,1.85,3155.4,maintenance
2025-04-09T00:38:03.232199,2,33.72,0.803,98.89,62.57,1.35,4693.3,operational
2025-04-09T00:38:03.232199,3,46.01,0.203,85.35,45.57,0.96,2356.9,operational
2025-04-09T00:38:03.232199,4,79.35,0.33,37.76,68.63,0.9,3904.1,operational
2025-04-09T00:38:03.232199,5,27.1,0.057,54.4,77.34,1.18,3973.1,operational
2025-04-09T00:38:03.232199,6,60.61,0.438,18.24,89.19,0.72,4967.7,maintenance
2025-04-09T00:38:03.232199,7,51.53,0.644,52.94,51.21,1.97,3780.7,critical
2025-04-09T00:38:03.232199,8,24.18,0.461,83.48,59.65,2.0,1903.9,operational
2025-04-09T00:38:03.232199,9,47.56,0.339,10.95,55.73,1.07,4823.6,critical
2025-04-09T00:38:03.232199,10,39.71,0.271,52.8,45.9,0.14,2970.8,operational
2025-04-09T00:38:03.232199,11,75.07,0.1,74.94,84.82,1.69,3029.8,critical
2025-04-09T00:38:03.232199,12,65.01,0.48,37.54,58.84,0.6,2168.4,maintenance
2025-04-09T00:38:03.232199,13,66.51,0.909,93.19,77.67,1.15,861.0,maintenance
2025-04-09T00:38:03.232199,14,46.29,0.251,91.18,74.13,0.84,1081.7,operational
2025-04-09T00:38:03.232199,15,54.73,0.893,69.11,81.14,1.09,3037.0,critical
2025-04-09T00:38:03.232199,16,46.2,0.333,35.21,81.41,1.13,3930.5,maintenance
2025-04-09T00:38:03.232199,17,77.96,0.939,14.57,63.79,1.08,4135.5,operational
2025-04-09T00:38:03.232199,18,44.05,0.408,42.55,40.06,0.81,3472.9,critical
2025-04-09T00:38:03.232199,19,74.0,0.803,75.7,79.59,1.63,2558.2,maintenance
2025-04-09T00:38:03.232199,20,26.01,0.456,50.51,50.8,1.6,955.9,maintenance
2025-04-09T00:39:03.232199,1,53.99,0.67,38.05,78.78,1.62,848.0,operational
2025-04-09T00:39:03.232199,2,63.61,0.677,87.12,81.66,1.08,1792.2,maintenance
2025-04-09T00:39:03.232199,3,71.31,0.688,58.45,56.9,0.26,4391.8,operational
2025-04-09T00:39:03.232199,4,53.55,0.526,38.5,66.61,1.21,2141.5,maintenance
2025-04-09T00:39:03.232199,5,31.48,0.437,77.55,50.32,0.98,3443.6,critical
2025-04-09T00:39:03.232199,6,73.27,0.346,55.36,40.12,0.17,2945.6,critical
2025-04-09T00:39:03.232199,7,74.89,0.788,26.72,43.29,1.34,830.9,operational
2025-04-09T00:39:03.232199,8,54.22,0.02,59.51,83.08,0.57,4043.2,operational
2025-04-09T00:39:03.232199,9,48.46,0.255,99.36,68.7,0.75,4573.6,operational
2025-04-09T00:39:03.232199,10,28.15,0.997,22.18,60.4,0.87,4641.5,operational
2025-04-09T00:39:03.232199,11,40.11,0.668,39.33,85.05,0.61,2961.5,critical
2025-04-09T00:39:03.232199,12,34.75,0.58,39.04,61.62,0.2,2606.5,maintenance
2025-04-09T00:39:03.232199,13,40.51,0.166,80.9,33.96,1.32,2486.9,critical
2025-04-09T00:39:03.232199,14,45.12,0.349,35.18,71.7,0.87,1813.3,maintenance
2025-04-09T00:39:03.232199,15,36.23,0.356,54.96,43.13,1.76,1487.5,maintenance
2025-04-09T00:39:03.232199,16,75.99,0.475,71.26,79.89,1.02,4355.1,operational
2025-04-09T00:39:03.232199,17,66.93,0.817,19.31,74.98,0.12,1630.5,critical
2025-04-09T00:39:03.232199,18,39.56,0.716,54.0,79.99,0.95,2865.9,maintenance
2025-04-09T00:39:03.232199,19,23.62,0.608,92.16,89.44,0.97,578.4,operational
2025-04-09T00:39:03.232199,20,47.38,0.243,96.09,57.17,1.14,2205.3,critical
2025-04-09T00:40:03.232199,1,65.56,0.55,54.01,35.84,0.22,1506.4,critical
2025-04-09T00:40:03.232199,2,62.05,0.987,67.94,57.75,0.87,1176.3,critical
2025-04-09T00:40:03.232199,3,31.98,0.508,52.77,34.68,1.4,3396.5,maintenance
2025-04-09T00:40:03.232199,4,39.03,0.66,17.85,82.75,1.02,4585.1,maintenance
2025-04-09T00:40:03.232199,5,57.47,0.914,62.07,61.04,1.59,3524.0,operational
2025-04-09T00:40:03.232199,6,55.4,0.485,25.2,30.53,0.76,3696.6,maintenance
2025-04-09T00:40:03.232199,7,22.91,0.402,22.03,85.04,0.86,1977.4,maintenance
2025-04-09T00:40:03.232199,8,40.78,0.949,86.88,43.82,0.61,3323.1,critical
2025-04-09T00:40:03.232199,9,72.44,0.796,22.67,71.61,1.11,4575.0,critical
2025-04-09T00:40:03.232199,10,71.3,0.145,10.99,47.6,1.65,2571.0,maintenance
2025-04-09T00:40:03.232199,11,23.63,0.353,53.0,70.23,0.75,2544.6,operational
2025-04-09T00:40:03.232199,12,41.55,0.215,97.61,56.41,0.59,1964.0,critical
2025-04-09T00:40:03.232199,13,50.95,0.554,23.61,48.56,1.29,3829.7,critical
2025-04-09T00:40:03.232199,14,49.73,0.604,83.97,38.4,0.25,984.3,operational
2025-04-09T00:40:03.232199,15,35.06,0.538,75.9,54.87,0.12,4766.9,operational
2025-04-09T00:40:03.232199,16,47.8,0.043,58.75,58.62,1.46,4356.6,critical
2025-04-09T00:40:03.232199,17,73.94,0.98,66.76,33.67,1.99,4449.2,critical
2025-04-09T00:40:03.232199,18,78.11,0.614,25.29,34.83,0.32,1435.6,maintenance
2025-04-09T00:40:03.232199,19,46.76,0.324,65.41,67.29,1.46,2446.0,operational
2025-04-09T00:40:03.232199,20,72.69,0.498,10.26,31.64,1.49,2445.4,critical
2025-04-09T00:41:03.232199,1,35.54,0.02,86.19,89.29,0.66,2233.8,critical
2025-04-09T00:41:03.232199,2,73.49,0.123,25.31,47.01,0.57,3021.1,operational
2025-04-09T00:41:03.232199,3,59.76,0.336,76.11,66.35,0.99,2027.3,critical
2025-04-09T00:41:03.232199,4,62.39,0.094,88.45,85.31,1.95,3295.2,critical
2025-04-09T00:41:03.232199,5,59.62,0.77,66.6,42.66,1.71,1746.5,maintenance
2025-04-09T00:41:03.232199,6,20.11,0.362,72.98,67.82,1.27,1094.4,maintenance
2025-04-09T00:41:03.232199,7,36.74,0.973,23.18,70.1,1.93,1718.0,critical
2025-04-09T00:41:03.232199,8,49.01,0.288,30.82,57.09,1.64,4895.4,maintenance
2025-04-09T00:41:03.232199,9,22.89,0.401,66.29,86.53,0.27,3438.6,maintenance
2025-04-09T00:41:03.232199,10,34.44,0.149,48.4,42.24,0.1,873.5,operational
2025-04-09T00:41:03.232199,11,31.04,0.225,47.83,71.53,1.15,1848.0,maintenance
2025-04-09T00:41:03.232199,12,41.08,0.855,54.31,30.62,0.97,4167.6,operational
2025-04-09T00:41:03.232199,13,66.97,0.819,91.88,46.88,0.51,2679.8,critical
2025-04-09T00:41:03.232199,14,64.2,0.686,95.92,42.75,1.37,828.1,critical
2025-04-09T00:41:03.232199,15,50.96,0.939,33.34,86.12,1.44,3800.8,maintenance
2025-04-09T00:41:03.232199,16,70.7,0.443,55.93,74.92,1.64,1662.9,operational
2025-04-09T00:41:03.232199,17,52.37,0.744,44.08,84.5,0.97,2024.6,operational
2025-04-09T00:41:03.232199,18,23.06,0.051,62.83,68.89,1.61,1242.4,maintenance
2025-04-09T00:41:03.232199,19,65.03,0.198,47.31,70.97,1.85,3555.8,maintenance
2025-04-09T00:41:03.232199,20,55.04,0.2,44.86,38.46,1.4,4996.7,operational
2025-04-09T00:42:03.232199,1,69.32,0.9,40.77,88.86,0.6,3919.9,operational
2025-04-09T00:42:03.232199,2,47.08,0.523,85.14,39.33,1.54,518.1,maintenance
2025-04-09T00:42:03.232199,3,34.33,0.189,48.12,82.75,0.97,1939.5,maintenance
2025-04-09T00:42:03.232199,4,63.57,0.823,32.22,38.37,1.81,1536.2,operational
2025-04-09T00:42:03.232199,5,49.23,0.095,92.09,34.13,1.59,1070.5,critical
2025-04-09T00:42:03.232199,6,28.35,0.504,62.71,39.31,0.47,4336.6,operational
2025-04-09T00:42:03.232199,7,38.51,0.759,14.73,89.67,0.13,1716.9,operational
2025-04-09T00:42:03.232199,8,61.38,0.359,11.41,86.48,1.16,2851.3,maintenance
2025-04-09T00:42:03.232199,9,39.41,0.242,39.47,46.44,0.44,4208.6,operational
2025-04-09T00:42:03.232199,10,62.09,0.565,54.62,72.82,1.84,1189.9,operational
2025-04-09T00:42:03.232199,11,69.72,0.859,45.51,81.53,0.76,4002.6,operational
2025-04-09T00:42:03.232199,12,37.01,0.83,49.38,40.35,0.83,824.0,maintenance
2025-04-09T00:42:03.232199,13,34.95,0.792,57.57,32.58,1.2,1432.8,operational
2025-04-09T00:42:03.232199,14,69.93,0.184,45.49,41.41,1.62,632.8,critical
2025-04-09T00:42:03.232199,15,74.26,0.817,41.2,31.0,0.49,1635.2,critical
2025-04-09T00:42:03.232199,16,45.2,0.002,26.81,39.63,1.97,3069.3,maintenance
2025-04-09T00:42:03.232199,17,60.29,0.147,56.63,86.85,1.43,1458.6,operational
2025-04-09T00:42:03.232199,18,45.28,0.145,72.88,62.01,1.13,4445.2,maintenance
2025-04-09T00:42:03.232199,19,45.12,0.02,59.8,72.64,1.72,1273.5,maintenance
2025-04-09T00:42:03.232199,20,27.96,0.857,71.12,46.12,1.93,3251.5,critical
2025-04-09T00:43:03.232199,1,70.7,0.693,80.34,71.5,0.25,3874.0,maintenance
2025-04-09T00:43:03.232199,2,78.44,0.212,48.63,77.83,1.75,788.9,maintenance
2025-04-09T00:43:03.232199,3,33.62,0.107,10.13,35.78,1.34,2543.2,maintenance
2025-04-09T00:43:03.232199,4,25.51,0.634,49.44,37.93,0.62,1248.6,operational
2025-04-09T00:43:03.232199,5,35.48,0.021,85.4,53.17,0.68,1309.9,critical
2025-04-09T00:43:03.232199,6,24.75,0.056,21.38,82.72,1.1,4233.5,critical
2025-04-09T00:43:03.232199,7,22.39,0.819,85.4,76.08,1.59,3720.6,maintenance
2025-04-09T00:43:03.232199,8,61.53,0.596,64.72,36.72,1.95,4943.8,maintenance
2025-04-09T00:43:03.232199,9,39.27,0.547,53.9,56.83,0.33,4084.5,critical
2025-04-09T00:43:03.232199,10,55.06,0.111,91.27,73.76,1.06,1824.1,critical
2025-04-09T00:43:03.232199,11,21.62,0.844,61.5,36.8,0.75,3119.6,operational
2025-04-09T00:43:03.232199,12,20.88,0.462,45.74,81.79,1.7,3900.0,critical
2025-04-09T00:43:03.232199,13,37.73,0.172,66.81,36.28,1.55,505.7,maintenance
2025-04-09T00:43:03.232199,14,73.6,0.532,88.71,81.93,0.23,1397.4,maintenance
2025-04-09T00:43:03.232199,15,62.8,0.687,71.16,34.39,0.27,1926.2,operational
2025-04-09T00:43:03.232199,16,67.76,0.02,21.95,81.95,0.17,4524.3,operational
2025-04-09T00:43:03.232199,17,40.86,0.916,62.96,67.01,1.21,3381.6,maintenance
2025-04-09T00:43:03.232199,18,42.61,0.609,54.71,32.03,1.71,3030.4,critical
2025-04-09T00:43:03.232199,19,70.54,0.719,23.55,42.36,0.92,845.2,critical
2025-04-09T00:43:03.232199,20,31.96,0.57,52.48,38.9,1.52,1194.4,maintenance
2025-04-09T00:44:03.232199,1,57.66,0.267,51.73,53.35,0.92,4990.2,critical
2025-04-09T00:44:03.232199,2,63.55,0.469,59.14,48.99,0.16,3988.5,maintenance
2025-04-09T00:44:03.232199,3,41.6,0.13,95.11,86.13,1.12,4383.2,maintenance
2025-04-09T00:44:03.232199,4,31.96,0.602,49.17,31.68,0.6,3141.0,critical
2025-04-09T00:44:03.232199,5,36.61,0.48,17.28,81.61,1.2,4132.9,critical
2025-04-09T00:44:03.232199,6,30.05,0.622,44.51,40.65,1.41,4938.3,operational
2025-04-09T00:44:03.232199,7,31.31,0.208,43.63,82.17,0.58,3351.4,critical
2025-04-09T00:44:03.232199,8,39.9,0.771,77.49,43.19,0.75,2620.8,operational
2025-04-09T00:44:03.232199,9,27.72,0.341,50.06,64.36,1.19,587.6,operational
2025-04-09T00:44:03.232199,10,43.71,0.235,23.72,45.66,0.31,3320.5,maintenance
2025-04-09T00:44:03.232199,11,23.32,0.759,12.37,52.0,0.17,1998.9,critical
2025-04-09T00:44:03.232199,12,37.82,0.037,66.78,67.22,0.58,4783.8,critical
2025-04-09T00:44:03.232199,13,61.15,0.859,50.23,77.12,0.29,1470.1,operational
2025-04-09T00:44:03.232199,14,21.34,0.606,22.91,88.03,1.11,4081.8,operational
2025-04-09T00:44:03.232199,15,34.37,0.129,96.36,79.01,0.83,3790.4,operational
2025-04-09T00:44:03.232199,16,60.91,0.374,34.52,65.68,1.94,3503.9,critical
2025-04-09T00:44:03.232199,17,51.36,0.429,93.9,41.49,1.7,1218.2,operational
2025-04-09T00:44:03.232199,18,76.3,0.543,32.29,31.91,1.43,1707.2,operational
2025-04-09T00:44:03.232199,19,51.59,0.816,88.94,57.31,1.22,1089.5,maintenance
2025-04-09T00:44:03.232199,20,31.44,0.437,32.91,64.61,0.58,4710.8,critical
2025-04-09T00:45:03.232199,1,62.77,0.766,53.67,71.37,1.23,2846.7,critical
2025-04-09T00:45:03.232199,2,48.99,0.867,20.85,62.22,0.91,3722.1,maintenance
2025-04-09T00:45:03.232199,3,27.78,0.976,79.27,72.91,1.27,2064.6,operational
2025-04-09T00:45:03.232199,4,38.51,0.982,35.84,62.69,1.63,956.9,operational
2025-04-09T00:45:03.232199,5,70.5,0.574,83.25,73.2,1.93,1933.0,operational
2025-04-09T00:45:03.232199,6,72.73,0.819,99.69,64.06,0.92,3589.3,maintenance
2025-04-09T00:45:03.232199,7,47.21,0.883,12.57,87.05,0.82,2949.2,maintenance
2025-04-09T00:45:03.232199,8,53.41,0.284,30.02,68.93,1.07,1294.8,critical
2025-04-09T00:45:03.232199,9,46.22,0.941,27.1,67.55,0.79,4927.2,critical
2025-04-09T00:45:03.232199,10,52.51,0.176,86.58,52.66,1.18,4393.5,operational
2025-04-09T00:45:03.232199,11,34.35,0.18,72.25,60.75,0.43,1943.3,critical
2025-04-09T00:45:03.232199,12,68.52,0.648,27.24,62.53,1.87,3000.6,critical
2025-04-09T00:45:03.232199,13,64.47,0.192,57.61,58.02,1.62,1429.5,operational
2025-04-09T00:45:03.232199,14,23.77,0.69,12.57,54.19,1.2,3612.9,operational
2025-04-09T00:45:03.232199,15,46.89,0.555,18.97,61.94,0.3,2011.5,operational
2025-04-09T00:45:03.232199,16,60.52,0.563,59.6,39.03,1.39,1064.1,critical
2025-04-09T00:45:03.232199,17,32.29,0.85,34.79,44.32,0.47,1022.1,critical
2025-04-09T00:45:03.232199,18,60.29,0.986,51.14,74.79,0.9,3667.6,maintenance
2025-04-09T00:45:03.232199,19,66.62,0.919,92.95,54.81,0.68,1131.7,critical
2025-04-09T00:45:03.232199,20,72.97,0.207,94.93,51.02,1.68,3596.1,operational
2025-04-09T00:46:03.232199,1,74.17,0.576,96.47,69.51,0.65,4695.4,maintenance
2025-04-09T00:46:03.232199,2,43.71,0.556,36.25,88.73,0.75,1946.9,maintenance
2025-04-09T00:46:03.232199,3,31.5,0.264,90.63,66.2,1.3,667.9,maintenance
2025-04-09T00:46:03.232199,4,42.12,0.852,29.0,44.31,1.47,1041.4,maintenance
2025-04-09T00:46:03.232199,5,70.7,0.276,17.12,62.98,1.43,1150.6,operational
2025-04-09T00:46:03.232199,6,70.66,0.404,60.59,83.68,0.98,2629.8,operational
2025-04-09T00:46:03.232199,7,35.68,0.987,22.62,54.24,0.53,2444.8,operational
2025-04-09T00:46:03.232199,8,21.51,0.208,44.47,41.21,0.83,2374.1,critical
2025-04-09T00:46:03.232199,9,77.58,0.306,16.59,44.95,1.81,1575.0,critical
2025-04-09T00:46:03.232199,10,66.39,0.744,19.17,68.65,1.33,3827.4,critical
2025-04-09T00:46:03.232199,11,43.6,0.945,43.75,77.69,1.22,1298.6,operational
2025-04-09T00:46:03.232199,12,24.1,0.011,53.82,34.3,1.62,2917.1,operational
2025-04-09T00:46:03.232199,13,70.18,0.952,57.82,77.83,0.86,634.9,critical
2025-04-09T00:46:03.232199,14,76.07,0.293,93.62,85.97,1.9,1518.5,operational
2025-04-09T00:46:03.232199,15,27.19,0.535,60.47,60.09,0.93,2309.0,operational
2025-04-09T00:46:03.232199,16,59.47,0.64,77.75,48.14,0.5,4511.0,critical
2025-04-09T00:46:03.232199,17,75.68,0.429,47.35,33.95,1.92,2911.5,operational
2025-04-09T00:46:03.232199,18,30.74,0.856,69.36,73.9,1.86,1268.3,maintenance
2025-04-09T00:46:03.232199,19,36.17,0.608,93.02,86.52,0.54,4626.0,critical
2025-04-09T00:46:03.232199,20,38.42,0.109,10.89,55.3,1.5,1542.8,critical
2025-04-09T00:47:03.232199,1,62.57,0.294,89.43,67.15,0.51,3711.0,operational
2025-04-09T00:47:03.232199,2,64.03,0.591,93.67,38.55,1.61,4128.5,critical
2025-04-09T00:47:03.232199,3,76.71,0.63,73.35,71.73,1.78,932.0,critical
2025-04-09T00:47:03.232199,4,51.43,0.52,71.6,40.52,1.07,4593.8,operational
2025-04-09T00:47:03.232199,5,68.02,0.71,48.47,63.89,1.25,4464.1,critical
2025-04-09T00:47:03.232199,6,72.94,0.793,68.22,75.3,1.61,1874.1,critical
2025-04-09T00:47:03.232199,7,69.44,0.167,82.74,30.0,0.44,569.5,operational
2025-04-09T00:47:03.232199,8,21.45,0.685,19.37,80.72,0.45,1589.3,maintenance
2025-04-09T00:47:03.232199,9,22.92,0.311,30.8,80.08,1.43,3037.2,critical
2025-04-09T00:47:03.232199,10,21.25,0.834,48.25,61.37,0.63,1085.9,critical
2025-04-09T00:47:03.232199,11,39.84,0.87,78.4,49.56,1.56,865.6,operational
2025-04-09T00:47:03.232199,12,30.24,0.163,70.21,89.94,0.57,3078.5,critical
2025-04-09T00:47:03.232199,13,43.55,0.766,18.77,57.4,1.4,3927.8,maintenance
2025-04-09T00:47:03.232199,14,22.22,0.629,26.44,83.43,0.23,1157.3,maintenance
2025-04-09T00:47:03.232199,15,28.09,0.342,69.6,67.41,0.56,4258.7,operational
2025-04-09T00:47:03.232199,16,53.34,0.56,94.14,81.22,0.61,1786.8,maintenance
2025-04-09T00:47:03.232199,17,69.26,0.698,95.74,58.1,1.42,1637.2,maintenance
2025-04-09T00:47:03.232199,18,53.55,0.772,56.47,50.91,0.8,2348.4,operational
2025-04-09T00:47:03.232199,19,26.44,0.391,84.41,53.63,0.51,3102.5,maintenance
2025-04-09T00:47:03.232199,20,71.55,0.179,70.48,50.31,1.94,4718.1,critical
2025-04-09T00:48:03.232199,1,32.02,0.708,78.47,48.03,1.26,2778.0,maintenance
2025-04-09T00:48:03.232199,2,58.46,0.759,21.43,41.69,0.15,3489.7,maintenance
2025-04-09T00:48:03.232199,3,25.46,0.767,27.94,37.29,1.81,1047.8,operational
2025-04-09T00:48:03.232199,4,26.47,0.361,60.72,75.45,0.21,4429.7,maintenance
2025-04-09T00:48:03.232199,5,57.32,0.257,59.88,73.22,1.02,3456.5,critical
2025-04-09T00:48:03.232199,6,27.34,0.936,68.17,72.67,0.97,3160.1,operational
2025-04-09T00:48:03.232199,7,44.2,0.155,54.69,61.26,1.66,3378.8,operational
2025-04-09T00:48:03.232199,8,51.01,0.253,95.11,57.38,1.94,2806.8,critical
2025-04-09T00:48:03.232199,9,31.2,0.448,71.56,49.66,1.14,3788.8,operational
2025-04-09T00:48:03.232199,10,34.21,0.087,72.0,84.33,0.64,3363.4,operational
2025-04-09T00:48:03.232199,11,36.15,0.916,47.81,72.89,1.53,4003.5,maintenance
2025-04-09T00:48:03.232199,12,28.17,0.014,98.57,85.68,0.91,1904.4,critical
2025-04-09T00:48:03.232199,13,75.05,0.61,87.92,59.06,0.3,3139.4,operational
2025-04-09T00:48:03.232199,14,49.36,0.842,14.84,76.5,0.95,631.9,critical
2025-04-09T00:48:03.232199,15,22.16,0.222,58.5,33.19,1.8,1473.4,critical
2025-04-09T00:48:03.232199,16,73.02,0.023,44.09,60.12,0.2,2727.4,critical
2025-04-09T00:48:03.232199,17,22.79,0.298,11.15,67.87,0.54,1148.6,critical
2025-04-09T00:48:03.232199,18,77.77,0.565,27.7,65.58,1.66,3815.7,critical
2025-04-09T00:48:03.232199,19,75.65,0.885,89.16,72.14,1.23,1286.8,maintenance
2025-04-09T00:48:03.232199,20,47.18,0.629,58.65,47.77,0.43,3567.2,critical
2025-04-09T00:49:03.232199,1,24.69,0.073,87.8,35.61,0.93,3122.0,critical
2025-04-09T00:49:03.232199,2,45.01,0.739,27.07,47.23,0.17,1850.3,critical
2025-04-09T00:49:03.232199,3,60.76,0.78,77.22,86.45,0.34,3213.6,operational
2025-04-09T00:49:03.232199,4,72.58,0.525,46.37,79.35,0.25,1900.8,maintenance
2025-04-09T00:49:03.232199,5,47.28,0.64,12.41,72.08,0.54,2476.2,maintenance
2025-04-09T00:49:03.232199,6,69.25,0.994,57.09,38.87,0.27,1701.6,operational
2025-04-09T00:49:03.232199,7,55.59,0.618,57.41,59.57,1.45,3603.5,critical
2025-04-09T00:49:03.232199,8,38.25,0.148,69.43,74.39,0.44,2773.7,operational
2025-04-09T00:49:03.232199,9,43.65,0.846,31.71,59.95,0.67,758.9,operational
2025-04-09T00:49:03.232199,10,38.94,0.26,17.43,45.75,0.57,3385.7,critical
2025-04-09T00:49:03.232199,11,79.7,0.864,91.89,80.32,1.78,1791.6,maintenance
2025-04-09T00:49:03.232199,12,33.94,0.209,37.76,76.31,1.36,1380.8,maintenance
2025-04-09T00:49:03.232199,13,33.31,0.774,85.7,65.75,1.26,2275.6,critical
2025-04-09T00:49:03.232199,14,54.2,0.811,28.46,58.07,0.77,2948.6,operational
2025-04-09T00:49:03.232199,15,67.36,0.918,44.74,67.29,1.59,2316.8,operational
2025-04-09T00:49:03.232199,16,27.78,0.894,29.69,83.16,1.75,4763.7,maintenance
2025-04-09T00:49:03.232199,17,77.25,0.253,65.82,55.86,0.62,3772.8,critical
2025-04-09T00:49:03.232199,18,33.7,0.546,14.35,53.78,0.3,1184.2,operational
2025-04-09T00:49:03.232199,19,21.63,0.202,64.79,64.73,0.13,3514.7,maintenance
2025-04-09T00:49:03.232199,20,45.68,0.301,19.22,72.86,0.76,2672.8,maintenance
2025-04-09T00:50:03.232199,1,63.52,0.377,44.29,53.03,1.63,4394.1,maintenance
2025-04-09T00:50:03.232199,2,76.31,0.096,97.5,73.9,0.29,3409.2,critical
2025-04-09T00:50:03.232199,3,79.94,0.854,41.99,80.78,1.06,4490.1,operational
2025-04-09T00:50:03.232199,4,51.51,0.594,73.14,43.67,0.68,2367.4,critical
2025-04-09T00:50:03.232199,5,51.0,0.196,27.88,77.3,1.03,2160.7,operational
2025-04-09T00:50:03.232199,6,57.97,0.703,17.14,42.01,1.05,2801.8,maintenance
2025-04-09T00:50:03.232199,7,67.83,0.161,29.74,66.8,0.94,2011.1,operational
2025-04-09T00:50:03.232199,8,73.98,0.159,19.39,72.75,1.28,3151.2,operational
2025-04-09T00:50:03.232199,9,31.66,0.67,57.65,36.74,0.89,3660.6,operational
2025-04-09T00:50:03.232199,10,73.59,0.925,83.77,56.43,1.54,1704.7,maintenance
2025-04-09T00:50:03.232199,11,73.78,0.668,73.25,89.77,1.63,3815.3,operational
2025-04-09T00:50:03.232199,12,44.18,0.664,78.37,66.19,1.99,2383.1,critical
2025-04-09T00:50:03.232199,13,64.26,0.256,94.69,82.41,1.88,3593.6,maintenance
2025-04-09T00:50:03.232199,14,24.77,0.033,43.1,59.29,0.39,2273.3,operational
2025-04-09T00:50:03.232199,15,21.5,0.796,21.5,76.46,0.37,3518.1,operational
2025-04-09T00:50:03.232199,16,71.0,0.436,11.55,55.18,0.71,2300.1,operational
2025-04-09T00:50:03.232199,17,29.35,0.677,63.5,49.21,0.32,4575.9,operational
2025-04-09T00:50:03.232199,18,38.45,0.954,31.35,42.05,1.26,2403.3,critical
2025-04-09T00:50:03.232199,19,52.77,0.192,24.8,68.21,1.04,2498.9,maintenance
2025-04-09T00:50:03.232199,20,23.42,0.446,57.94,87.78,1.76,1591.9,critical
2025-04-09T00:51:03.232199,1,73.12,0.3,84.56,38.89,1.7,668.1,critical
2025-04-09T00:51:03.232199,2,57.32,0.067,17.12,49.12,1.5,2661.3,maintenance
2025-04-09T00:51:03.232199,3,65.59,0.57,45.63,85.7,0.23,3801.4,maintenance
2025-04-09T00:51:03.232199,4,52.98,0.183,18.1,46.25,1.4,1124.7,operational
2025-04-09T00:51:03.232199,5,46.99,0.684,20.82,48.51,0.75,2690.0,operational
2025-04-09T00:51:03.232199,6,68.31,0.034,45.21,76.01,0.93,1940.7,operational
2025-04-09T00:51:03.232199,7,60.8,0.115,26.3,62.47,1.78,2367.9,maintenance
2025-04-09T00:51:03.232199,8,37.25,0.045,34.02,68.41,1.75,4358.8,maintenance
2025-04-09T00:51:03.232199,9,55.94,0.476,61.78,89.64,0.52,1906.0,critical
2025-04-09T00:51:03.232199,10,40.9,0.385,74.09,57.39,1.9,2531.9,maintenance
2025-04-09T00:51:03.232199,11,76.01,0.036,60.13,67.97,0.6,2810.6,operational
2025-04-09T00:51:03.232199,12,73.22,0.379,97.87,44.32,0.46,2686.0,operational
2025-04-09T00:51:03.232199,13,78.33,0.217,62.31,77.52,1.82,2256.8,maintenance
2025-04-09T00:51:03.232199,14,63.42,0.646,94.29,38.48,0.7,4175.9,operational
2025-04-09T00:51:03.232199,15,67.67,0.803,75.46,68.8,0.3,2573.1,operational
2025-04-09T00:51:03.232199,16,41.2,0.53,12.93,37.74,0.88,3312.8,operational
2025-04-09T00:51:03.232199,17,41.05,0.724,61.52,55.47,1.81,3212.5,maintenance
2025-04-09T00:51:03.232199,18,69.51,0.405,68.15,68.51,0.49,4971.9,critical
2025-04-09T00:51:03.232199,19,75.59,0.402,84.5,74.15,0.38,2505.7,critical
2025-04-09T00:51:03.232199,20,49.5,0.212,66.23,40.73,0.15,4129.3,operational
2025-04-09T00:52:03.232199,1,34.53,0.509,79.21,39.67,0.71,3408.2,critical
2025-04-09T00:52:03.232199,2,51.71,0.976,52.76,67.23,1.4,3020.2,critical
2025-04-09T00:52:03.232199,3,48.87,0.952,56.18,70.08,1.18,3809.3,operational
2025-04-09T00:52:03.232199,4,68.66,0.783,14.5,71.34,0.94,1239.2,critical
2025-04-09T00:52:03.232199,5,34.92,0.332,53.1,60.07,0.37,1524.1,maintenance
2025-04-09T00:52:03.232199,6,70.03,0.939,12.3,33.63,2.0,4426.1,operational
2025-04-09T00:52:03.232199,7,62.78,0.688,45.51,57.36,0.66,3451.9,maintenance
2025-04-09T00:52:03.232199,8,35.15,0.261,32.86,85.91,1.72,2904.2,maintenance
2025-04-09T00:52:03.232199,9,36.36,0.688,90.18,66.12,1.68,1435.6,operational
2025-04-09T00:52:03.232199,10,62.53,0.124,62.92,80.27,1.93,1213.2,critical
2025-04-09T00:52:03.232199,11,52.59,0.631,88.6,60.48,1.59,1722.5,critical
2025-04-09T00:52:03.232199,12,26.9,0.121,86.92,36.56,1.74,1359.1,maintenance
2025-04-09T00:52:03.232199,13,35.29,0.899,82.11,72.27,1.11,740.5,operational
2025-04-09T00:52:03.232199,14,20.26,0.084,76.37,76.33,1.87,2424.3,maintenance
2025-04-09T00:52:03.232199,15,69.24,0.586,75.38,41.87,1.05,1418.0,critical
2025-04-09T00:52:03.232199,16,51.78,0.445,61.75,50.22,1.88,1375.1,maintenance
2025-04-09T00:52:03.232199,17,76.29,0.729,87.6,39.0,1.61,3545.2,operational
2025-04-09T00:52:03.232199,18,25.06,0.105,94.02,57.46,0.66,2133.5,critical
2025-04-09T00:52:03.232199,19,76.7,0.141,25.85,88.73,0.62,752.6,maintenance
2025-04-09T00:52:03.232199,20,49.8,0.645,18.9,83.49,1.87,558.6,critical
2025-04-09T00:53:03.232199,1,20.09,0.958,30.18,43.61,1.35,3705.5,critical
2025-04-09T00:53:03.232199,2,74.96,0.05,84.28,51.38,1.29,3550.3,operational
2025-04-09T00:53:03.232199,3,68.08,0.365,29.24,68.72,1.58,2855.1,operational
2025-04-09T00:53:03.232199,4,38.74,0.755,23.62,49.44,0.87,1671.9,maintenance
2025-04-09T00:53:03.232199,5,77.37,0.454,49.67,57.08,1.24,647.3,critical
2025-04-09T00:53:03.232199,6,71.64,0.571,53.22,75.58,0.99,4488.4,maintenance
2025-04-09T00:53:03.232199,7,28.38,0.986,12.95,35.92,0.23,2452.1,maintenance
2025-04-09T00:53:03.232199,8,64.96,0.56,29.54,55.26,0.9,2845.1,critical
2025-04-09T00:53:03.232199,9,74.94,0.9,74.81,38.67,1.91,2552.8,operational
2025-04-09T00:53:03.232199,10,22.97,0.306,50.07,82.08,1.74,3709.5,operational
2025-04-09T00:53:03.232199,11,63.39,0.452,49.96,39.3,0.19,1015.7,critical
2025-04-09T00:53:03.232199,12,77.72,0.915,96.34,87.28,1.59,1954.1,critical
2025-04-09T00:53:03.232199,13,42.8,0.927,61.56,39.74,0.83,1029.5,maintenance
2025-04-09T00:53:03.232199,14,68.07,0.721,80.71,55.56,1.25,1692.8,critical
2025-04-09T00:53:03.232199,15,75.85,0.953,93.04,61.38,1.33,3866.4,operational
2025-04-09T00:53:03.232199,16,51.73,0.901,69.17,80.4,1.77,3908.3,critical
2025-04-09T00:53:03.232199,17,62.35,0.516,30.9,53.53,1.84,1645.4,maintenance
2025-04-09T00:53:03.232199,18,78.1,0.767,86.24,39.54,0.65,2400.2,critical
2025-04-09T00:53:03.232199,19,26.21,0.555,24.56,50.02,0.95,719.3,critical
2025-04-09T00:53:03.232199,20,55.11,0.203,77.13,54.04,0.83,4957.8,operational
2025-04-09T00:54:03.232199,1,24.71,0.534,46.47,87.95,1.77,1122.5,operational
2025-04-09T00:54:03.232199,2,63.26,0.646,28.05,54.39,1.47,2868.6,operational
2025-04-09T00:54:03.232199,3,60.61,0.842,17.23,53.86,0.61,3146.4,maintenance
2025-04-09T00:54:03.232199,4,62.81,0.759,23.92,58.03,0.17,2809.6,maintenance
2025-04-09T00:54:03.232199,5,68.91,0.411,66.73,59.8,0.87,1900.2,operational
2025-04-09T00:54:03.232199,6,40.55,0.29,73.89,32.4,1.1,3329.1,maintenance
2025-04-09T00:54:03.232199,7,42.04,0.149,74.72,69.93,0.4,1517.5,critical
2025-04-09T00:54:03.232199,8,65.59,0.457,51.05,37.91,0.62,2023.1,critical
2025-04-09T00:54:03.232199,9,70.45,0.306,48.21,46.3,1.54,4073.2,maintenance
2025-04-09T00:54:03.232199,10,75.74,0.092,19.47,70.77,1.54,2358.8,critical
2025-04-09T00:54:03.232199,11,35.58,0.483,19.35,32.04,0.7,668.4,critical
2025-04-09T00:54:03.232199,12,53.88,0.287,54.0,61.62,0.2,1835.1,critical
2025-04-09T00:54:03.232199,13,69.5,0.879,80.31,76.53,1.44,862.8,maintenance
2025-04-09T00:54:03.232199,14,46.65,0.417,33.81,62.89,0.1,2606.2,maintenance
2025-04-09T00:54:03.232199,15,38.66,0.191,96.25,88.33,0.91,1502.9,maintenance
2025-04-09T00:54:03.232199,16,58.05,0.073,77.35,77.09,1.58,1632.9,operational
2025-04-09T00:54:03.232199,17,46.53,0.13,25.09,38.82,1.45,4956.8,operational
2025-04-09T00:54:03.232199,18,71.42,0.392,64.38,49.31,1.14,3070.4,maintenance
2025-04-09T00:54:03.232199,19,77.63,0.777,19.07,62.2,1.24,1160.8,critical
2025-04-09T00:54:03.232199,20,79.11,0.305,84.35,74.95,1.59,543.5,maintenance
2025-04-09T00:55:03.232199,1,30.21,0.707,30.55,86.56,0.13,602.4,maintenance
2025-04-09T00:55:03.232199,2,52.62,0.635,81.87,71.8,1.09,3434.0,operational
2025-04-09T00:55:03.232199,3,54.37,0.176,82.2,61.21,0.4,4633.0,maintenance
2025-04-09T00:55:03.232199,4,64.8,0.607,15.2,87.92,1.84,3360.5,operational
2025-04-09T00:55:03.232199,5,69.03,0.491,81.4,58.28,0.5,1391.4,critical
2025-04-09T00:55:03.232199,6,65.71,0.856,41.54,67.93,1.2,586.7,operational
2025-04-09T00:55:03.232199,7,61.37,0.286,13.2,84.35,1.23,1794.6,maintenance
2025-04-09T00:55:03.232199,8,44.43,0.374,31.08,47.92,1.02,2632.4,critical
2025-04-09T00:55:03.232199,9,61.95,0.461,60.56,37.22,0.42,3379.9,operational
2025-04-09T00:55:03.232199,10,65.01,0.98,37.21,30.55,0.3,2353.9,maintenance
2025-04-09T00:55:03.232199,11,43.59,0.25,10.07,56.07,0.83,2692.2,critical
2025-04-09T00:55:03.232199,12,28.68,0.65,25.63,70.03,1.24,3015.3,operational
2025-04-09T00:55:03.232199,13,50.47,0.632,96.04,47.33,1.63,605.7,operational
2025-04-09T00:55:03.232199,14,79.09,0.897,96.4,56.8,1.63,1543.8,critical
2025-04-09T00:55:03.232199,15,35.31,0.972,27.73,31.38,1.74,2105.2,maintenance
2025-04-09T00:55:03.232199,16,40.74,0.497,45.05,45.88,1.24,4866.3,critical
2025-04-09T00:55:03.232199,17,26.58,0.041,99.03,79.93,0.35,1552.1,operational
2025-04-09T00:55:03.232199,18,56.12,0.419,26.75,34.62,0.52,3895.9,maintenance
2025-04-09T00:55:03.232199,19,63.65,0.537,70.48,33.85,0.22,2870.7,operational
2025-04-09T00:55:03.232199,20,24.53,0.119,85.99,40.82,1.18,4455.0,critical
2025-04-09T00:56:03.232199,1,21.85,0.811,64.45,61.69,1.53,4019.7,operational
2025-04-09T00:56:03.232199,2,72.5,0.694,91.75,32.63,1.07,2123.9,critical
2025-04-09T00:56:03.232199,3,30.14,0.837,21.66,65.98,0.89,3016.3,critical
2025-04-09T00:56:03.232199,4,33.19,0.472,30.87,84.16,1.9,3388.6,maintenance
2025-04-09T00:56:03.232199,5,53.49,0.281,43.53,75.58,1.88,1721.0,maintenance
2025-04-09T00:56:03.232199,6,63.26,0.833,37.65,57.41,0.92,3548.3,critical
2025-04-09T00:56:03.232199,7,71.25,0.189,94.39,78.08,1.84,1799.0,critical
2025-04-09T00:56:03.232199,8,51.46,0.665,20.67,60.06,0.12,3652.3,maintenance
2025-04-09T00:56:03.232199,9,31.14,0.061,77.97,83.0,0.18,3129.0,maintenance
2025-04-09T00:56:03.232199,10,67.69,0.945,97.01,68.75,0.63,2511.4,maintenance
2025-04-09T00:56:03.232199,11,66.94,0.714,42.73,62.29,0.36,4327.3,operational
2025-04-09T00:56:03.232199,12,20.04,0.644,89.26,35.63,1.26,586.0,maintenance
2025-04-09T00:56:03.232199,13,31.26,0.66,19.99,74.79,0.9,4440.6,operational
2025-04-09T00:56:03.232199,14,78.64,0.588,23.71,51.59,1.49,1199.3,operational
2025-04-09T00:56:03.232199,15,50.82,0.392,29.07,51.06,1.8,3882.4,maintenance
2025-04-09T00:56:03.232199,16,22.8,0.01,96.97,51.25,0.97,4035.2,maintenance
2025-04-09T00:56:03.232199,17,35.36,0.909,56.82,51.18,0.22,2219.7,maintenance
2025-04-09T00:56:03.232199,18,41.73,0.638,95.48,35.78,0.57,1203.1,operational
2025-04-09T00:56:03.232199,19,58.23,0.302,61.38,49.91,1.62,4170.7,critical
2025-04-09T00:56:03.232199,20,69.23,0.197,73.04,74.3,1.1,3452.8,maintenance
2025-04-09T00:57:03.232199,1,38.63,0.28,87.78,72.81,1.02,1733.6,maintenance
2025-04-09T00:57:03.232199,2,38.72,0.209,63.73,54.88,0.17,4849.7,critical
2025-04-09T00:57:03.232199,3,56.17,0.767,78.77,89.32,0.25,4394.9,maintenance
2025-04-09T00:57:03.232199,4,66.7,0.407,78.93,53.39,0.23,3884.8,critical
2025-04-09T00:57:03.232199,5,79.15,0.999,29.57,43.49,1.79,1668.1,maintenance
2025-04-09T00:57:03.232199,6,53.7,0.6,98.99,77.74,1.5,4627.4,maintenance
2025-04-09T00:57:03.232199,7,45.21,0.074,26.48,47.52,0.61,2717.5,maintenance
2025-04-09T00:57:03.232199,8,66.55,0.159,25.66,50.15,1.53,2167.9,operational
2025-04-09T00:57:03.232199,9,45.07,0.409,82.33,44.98,0.44,2606.6,critical
2025-04-09T00:57:03.232199,10,77.46,0.269,41.12,73.79,1.16,4705.5,maintenance
2025-04-09T00:57:03.232199,11,28.7,0.837,75.63,31.39,0.69,4093.3,maintenance
2025-04-09T00:57:03.232199,12,64.47,0.703,86.86,84.38,1.73,4703.6,operational
2025-04-09T00:57:03.232199,13,64.07,0.591,98.83,68.82,0.45,2526.0,maintenance
2025-04-09T00:57:03.232199,14,23.23,0.513,98.72,49.44,0.35,3762.4,maintenance
2025-04-09T00:57:03.232199,15,25.36,0.869,72.45,33.71,1.96,2390.7,operational
2025-04-09T00:57:03.232199,16,37.24,0.051,77.2,86.43,0.16,1620.0,operational
2025-04-09T00:57:03.232199,17,58.83,0.443,69.31,81.63,1.38,2292.5,operational
2025-04-09T00:57:03.232199,18,42.13,0.626,70.5,58.2,0.81,1030.7,critical
2025-04-09T00:57:03.232199,19,66.8,0.441,45.12,85.29,0.85,4192.5,operational
2025-04-09T00:57:03.232199,20,20.35,0.004,24.17,73.74,1.03,1450.2,maintenance
